time_s,error_mm,left_rpm,right_rpm,pid_output,d_term
0.0001,-13.000,-131.345,178.073,-154.709,-136.500
0.0111,-13.000,-24.463,114.348,-69.406,-51.188
0.1073,-13.000,27.580,102.425,-37.423,-19.195
0.2048,-12.000,70.239,97.307,-13.534,3.302
0.3028,-12.000,89.145,120.357,-15.606,1.238
0.4099,-12.000,110.013,142.790,-16.388,0.464
0.5062,-12.000,131.938,165.311,-16.687,0.174
0.6039,-12.000,154.530,188.138,-16.804,0.065
0.7019,-12.000,177.603,211.309,-16.853,0.024
0.8096,-12.000,201.053,234.807,-16.877,0.009
0.9065,-12.000,224.811,258.594,-16.891,0.003
1.0034,-11.000,253.828,263.830,-5.001,10.501
1.1129,-11.000,273.134,296.278,-11.572,3.938
1.2099,-11.000,296.480,324.562,-14.041,1.477
1.3059,-11.000,315.982,363.186,-23.602,0.795
1.4029,-11.000,344.126,392.088,-23.981,0.428
1.5065,-10.000,381.197,396.745,-7.774,14.446
1.6057,-10.000,403.573,432.478,-14.452,7.779
1.7028,-10.000,428.488,464.595,-18.054,4.188
1.8073,-9.000,463.819,470.981,-3.581,16.471
1.9043,-9.000,485.256,507.642,-11.193,8.869
2.0007,-8.000,518.881,516.640,1.120,18.991
2.1098,-7.000,548.758,531.232,8.763,24.441
2.2058,-7.000,567.689,572.740,-2.525,13.161
2.3007,-7.000,591.113,608.328,-8.607,7.087
2.4095,-6.000,625.951,616.889,4.531,18.031
2.5071,-6.000,647.387,654.983,-3.798,9.709
2.6044,-6.000,672.019,688.590,-8.286,5.228
2.7008,-5.000,707.387,695.964,5.711,17.030
2.8072,-5.000,729.007,733.315,-2.154,9.170
2.9032,-5.000,753.651,766.436,-6.392,4.938
3.0106,-4.000,769.854,754.375,7.740,16.874
3.1081,-4.000,765.911,766.016,-0.053,9.086
3.2030,-4.000,764.985,773.486,-4.251,4.893
3.3074,-3.000,774.720,754.913,9.903,16.850
3.4017,-3.000,770.683,766.437,2.123,9.073
3.5080,-2.000,778.891,750.194,14.349,19.101
3.6030,-2.000,774.158,763.097,5.531,10.285
3.7081,-2.000,772.881,771.318,0.782,5.538
3.8052,-1.000,782.491,753.211,14.640,17.197
3.9005,-1.000,778.441,765.038,6.702,9.260
4.0056,0.000,786.688,749.002,18.843,19.202
4.1037,0.000,782.015,762.054,9.981,10.339
4.2004,1.000,789.421,746.170,21.625,19.783
4.3078,1.000,784.188,759.197,12.496,10.652
4.4047,2.000,791.202,743.208,23.997,19.951
4.5019,2.000,785.682,756.100,14.791,10.743
4.6099,2.000,783.858,764.188,9.835,5.785
4.7052,2.000,783.853,769.519,7.167,3.115
4.8014,2.000,784.681,773.218,5.732,1.677
4.9002,2.000,785.833,775.913,4.960,0.903
5.0080,1.000,763.438,787.180,-11.871,-13.729
5.1036,1.000,772.545,783.612,-5.534,-7.393
5.2088,1.000,778.313,782.554,-2.121,-3.981
5.3033,1.000,782.152,782.717,-0.282,-2.143
5.4093,-1.000,737.011,801.260,-32.125,-29.585
5.5054,-2.000,730.144,799.919,-34.888,-30.146
5.6027,-2.000,748.067,790.020,-20.977,-16.232
5.7099,-3.000,734.750,794.556,-29.903,-22.956
5.8060,-4.000,724.893,796.350,-35.728,-26.576
5.9041,-5.000,717.011,796.778,-39.883,-28.526
6.0015,-5.000,734.504,787.950,-26.723,-15.360
6.1100,-5.000,745.270,784.548,-19.639,-8.271
6.2058,-6.000,727.995,792.483,-32.244,-18.669
6.3030,-6.000,740.135,787.404,-23.634,-10.052
6.3998,-6.000,747.769,785.771,-19.001,-5.413
6.5063,-6.000,752.812,785.831,-16.510,-2.915
6.6027,-7.000,732.102,795.277,-31.587,-15.785
6.7097,-7.000,742.092,790.712,-24.310,-8.500
6.8069,-8.000,724.097,797.719,-36.811,-18.792
6.9039,-9.000,711.375,800.501,-44.563,-24.334
7.0094,-10.000,701.655,801.172,-49.758,-27.318
7.1049,-11.000,693.691,800.845,-53.577,-28.925
7.2098,-13.000,662.572,808.716,-73.072,-44.006
7.3055,-14.000,663.771,802.156,-69.193,-37.911
7.4001,-15.000,662.258,798.513,-68.127,-34.629
7.5076,-17.000,635.100,805.088,-84.994,-47.077
7.6027,-18.000,638.845,798.248,-79.701,-39.565
7.7014,-20.000,614.837,803.424,-94.294,-49.735
7.8000,-22.000,596.333,804.721,-104.194,-55.211
7.9093,-24.000,581.045,804.184,-111.569,-58.160
8.0030,-25.000,591.947,794.230,-101.142,-45.532
8.1080,-27.000,572.434,798.349,-112.958,-52.948
8.2069,-28.000,581.114,790.985,-104.935,-42.726
8.3069,-30.000,560.462,796.555,-118.046,-51.437
8.4060,-32.000,544.361,798.635,-127.137,-56.128
8.5053,-33.000,555.092,790.387,-117.647,-44.438
8.6016,-35.000,535.727,795.663,-129.968,-52.359
8.7086,-36.000,544.689,789.125,-122.218,-42.409
8.8076,-37.000,548.577,786.698,-119.060,-37.051
8.9037,-38.000,549.583,786.333,-118.375,-34.166
9.0004,-39.000,548.909,786.952,-119.022,-32.612
9.1085,-39.000,571.438,779.377,-103.970,-17.561
9.2067,-40.000,561.682,786.243,-112.280,-23.671
9.3023,-40.000,578.879,781.590,-101.355,-12.746
9.4072,-40.000,590.093,781.038,-95.473,-6.863
9.5001,-40.000,597.792,782.402,-92.305,-3.696
9.6073,-41.000,579.134,793.164,-107.015,-16.205
9.7014,-41.000,590.757,789.828,-99.535,-8.726
9.7986,-41.000,598.307,789.323,-95.508,-4.699
9.9054,-41.000,603.470,790.149,-93.339,-2.530
10.0029,-41.000,607.182,791.526,-92.172,-1.362
10.0998,-41.000,609.974,793.060,-91.543,-0.734
10.2057,-41.000,612.152,794.560,-91.204,-0.395
10.3017,-41.000,613.897,795.941,-91.022,-0.213
10.4065,-41.000,615.323,797.171,-90.924,-0.115
10.5025,-41.000,616.506,798.248,-90.871,-0.062
10.6054,-42.000,593.278,807.794,-107.258,-14.249
10.7000,-42.000,601.541,802.904,-100.682,-7.672
10.8069,-41.000,615.730,777.181,-80.725,10.084
10.9064,-41.000,613.674,784.433,-85.379,5.430
11.0025,-41.000,613.376,789.147,-87.886,2.924
11.0991,-40.000,623.119,768.758,-72.820,15.790
11.2049,-40.000,618.807,779.021,-80.107,8.502
11.2998,-39.000,626.627,761.859,-67.616,18.793
11.4049,-39.000,621.483,774.063,-76.290,10.120
11.4981,-38.000,629.028,758.119,-64.545,19.664
11.6042,-38.000,623.883,771.125,-73.621,10.589
11.7004,-38.000,622.337,779.352,-78.508,5.702
11.7995,-38.000,622.545,784.824,-81.139,3.070
11.8981,-38.000,623.542,788.654,-82.556,1.653
12.0056,-38.000,624.830,791.469,-83.319,0.890
12.1010,-38.000,626.163,793.623,-83.730,0.479
12.1981,-37.000,636.640,771.712,-67.536,14.473
12.3060,-37.000,632.600,781.032,-74.216,7.793
12.4011,-36.000,640.462,763.257,-61.398,18.412
12.5071,-36.000,635.252,775.042,-69.895,9.914
12.6043,-36.000,633.470,782.412,-74.471,5.338
12.7029,-36.000,633.381,787.251,-76.935,2.874
12.8011,-36.000,634.074,790.597,-78.262,1.548
12.9000,-37.000,610.860,801.643,-95.391,-13.382
13.0084,-38.000,595.149,806.410,-105.630,-21.421
13.1042,-38.000,607.885,799.373,-95.744,-11.534
13.1999,-38.000,615.631,796.471,-90.420,-6.211
13.3061,-38.000,620.556,795.663,-87.554,-3.344
13.4036,-38.000,623.849,795.870,-86.010,-1.801
13.5023,-38.000,626.168,796.526,-85.179,-0.970
13.5997,-38.000,627.880,797.343,-84.732,-0.522
13.6985,-38.000,629.195,798.176,-84.491,-0.281
13.8051,-39.000,606.023,807.575,-100.776,-14.367
13.9006,-40.000,590.085,811.206,-110.561,-21.951
13.9983,-40.000,602.486,803.345,-100.429,-11.820
14.1056,-41.000,585.655,808.434,-111.389,-20.580
14.2041,-40.000,606.878,777.829,-85.476,3.134
14.2995,-40.000,608.945,782.789,-86.922,1.687
14.4071,-40.000,611.153,786.554,-87.701,0.909
14.5047,-40.000,613.272,789.512,-88.120,0.489
14.6002,-40.000,615.203,791.895,-88.346,0.263
14.6994,-40.000,616.916,793.851,-88.468,0.142
14.8071,-40.000,618.409,795.475,-88.533,0.076
14.9043,-41.000,595.483,805.451,-104.984,-14.174
15.0012,-41.000,604.022,800.905,-98.442,-7.632
15.1077,-41.000,609.241,799.079,-94.919,-4.110
15.2033,-40.000,621.795,775.009,-76.607,12.002
15.2996,-39.000,628.077,759.539,-65.731,20.678
15.3972,-38.000,631.344,749.063,-58.860,25.350
15.5028,-37.000,633.295,741.583,-54.144,27.865
15.5973,-36.000,634.800,735.979,-50.590,29.220
15.7024,-36.000,627.072,755.223,-64.076,15.734
15.7982,-36.000,624.704,767.379,-71.337,8.472
15.9054,-35.000,634.170,751.834,-58.832,18.777
16.0023,-34.000,639.635,741.801,-51.083,24.326
16.0990,-33.000,643.181,734.972,-45.895,27.314
16.2060,-32.000,645.895,730.068,-42.086,28.923
16.3007,-32.000,639.115,749.986,-55.435,15.574
16.4069,-32.000,637.511,762.758,-62.623,8.386
16.5024,-33.000,614.171,779.990,-82.909,-9.700
16.5992,-35.000,575.121,797.648,-111.263,-33.654
16.7062,-36.000,572.347,796.639,-112.146,-32.337
16.8011,-37.000,568.949,796.222,-113.637,-31.627
16.8966,-37.000,589.424,787.504,-99.040,-17.030
17.0005,-37.000,602.281,784.640,-91.179,-9.170
17.1044,-37.000,610.761,784.655,-86.947,-4.938
17.1995,-38.000,592.434,794.602,-101.084,-16.874
17.3041,-39.000,579.946,799.368,-109.711,-23.301
17.4013,-39.000,594.918,792.831,-98.956,-12.547
17.4971,-40.000,580.079,799.240,-109.581,-20.971
17.6040,-39.000,602.891,769.863,-83.486,2.923
17.6998,-38.000,615.467,752.307,-68.420,15.789
17.8069,-37.000,622.778,741.362,-59.292,22.717
17.9041,-36.000,627.464,734.187,-53.362,26.448
17.9988,-35.000,630.915,729.221,-49.153,28.457
18.1049,-35.000,624.638,749.211,-62.287,15.323
18.2003,-35.000,623.393,762.111,-69.359,8.251
18.3059,-36.000,600.323,779.488,-89.582,-9.773
18.4012,-37.000,585.699,788.673,-101.487,-19.478
18.4984,-38.000,575.662,793.487,-108.913,-24.703
18.5970,-39.000,568.128,795.981,-113.927,-27.517
18.7048,-40.000,561.971,797.254,-117.642,-29.032
18.8025,-40.000,580.795,789.279,-104.242,-15.633
18.9005,-40.000,592.621,786.675,-97.027,-8.418
18.9965,-41.000,576.210,795.324,-109.557,-18.748
19.1032,-40.000,598.279,767.257,-84.489,4.120
19.2001,-40.000,601.329,774.110,-86.391,2.219
19.2965,-40.000,604.513,779.342,-87.415,1.195
19.4025,-39.000,616.754,759.856,-71.551,14.859
19.4979,-39.000,614.317,771.134,-78.409,8.001
19.6027,-39.000,614.382,778.584,-82.101,4.308
19.6988,-39.000,615.587,783.766,-84.090,2.320
19.8045,-39.000,617.231,787.552,-85.160,1.249
19.9026,-39.000,618.962,790.436,-85.737,0.673
19.9994,-38.000,629.829,769.092,-69.632,14.578
20.1050,-38.000,626.148,778.868,-76.360,7.849
20.2024,-37.000,634.331,761.465,-63.567,18.442
20.2999,-37.000,629.400,773.559,-72.079,9.930
20.3971,-37.000,627.862,781.186,-76.662,5.347
20.5040,-37.000,627.981,786.242,-79.130,2.879
20.5999,-37.000,628.852,789.770,-80.459,1.550
20.6983,-38.000,605.791,800.971,-97.590,-13.381
20.7951,-38.000,614.426,797.254,-91.414,-7.205
20.9019,-37.000,629.057,772.404,-71.674,10.336
20.9983,-37.000,627.443,780.331,-76.444,5.565
21.0957,-36.000,636.773,761.968,-62.597,17.212
21.1953,-37.000,608.274,782.188,-86.957,-4.947
21.3015,-37.000,614.539,783.886,-84.673,-2.664
21.3967,-38.000,594.938,794.656,-99.859,-15.650
21.5033,-37.000,615.123,767.565,-76.221,5.789
21.5992,-36.000,626.232,751.186,-62.477,17.332
21.6956,-35.000,632.707,740.830,-54.061,23.548
21.8019,-35.000,627.690,757.549,-64.930,12.680
21.8986,-35.000,626.811,768.375,-70.782,6.828
21.9953,-35.000,627.887,775.753,-73.933,3.676
22.1026,-35.000,629.784,781.043,-75.630,1.980
22.1996,-35.000,631.924,785.011,-76.543,1.066
22.2955,-35.000,634.029,788.099,-77.035,0.574
22.4037,-36.000,611.755,799.186,-93.716,-13.906
22.5019,-36.000,620.919,795.514,-87.297,-7.488
22.5975,-36.000,626.709,794.392,-83.841,-4.032
22.7039,-37.000,606.338,803.130,-98.396,-16.386
22.8001,-37.000,616.457,798.123,-90.833,-8.823
22.8969,-38.000,598.487,804.839,-103.176,-18.966
23.0042,-39.000,585.742,807.417,-110.838,-24.428
23.1005,-40.000,575.981,807.938,-115.978,-27.369
23.1986,-40.000,592.185,798.878,-103.347,-14.737
23.2960,-40.000,602.023,795.113,-96.545,-7.935
23.4037,-40.000,608.267,794.032,-92.882,-4.273
23.4997,-40.000,612.433,794.253,-90.910,-2.301
23.5939,-39.000,624.575,771.441,-73.433,12.976
23.6977,-38.000,630.766,756.780,-63.007,21.203
23.8017,-37.000,634.096,746.851,-56.377,25.632
23.8995,-37.000,626.961,763.376,-68.207,13.802
23.9960,-36.000,633.798,750.122,-58.162,21.647
24.1035,-34.000,647.010,717.655,-35.322,40.087
24.2001,-33.000,644.540,719.357,-37.409,35.801
24.2959,-32.000,644.406,719.439,-37.517,33.493
24.4025,-32.000,636.426,742.375,-52.975,18.035
24.4968,-32.000,634.458,757.055,-61.299,9.711
24.6009,-32.000,635.379,766.940,-65.780,5.229
24.6963,-32.000,637.558,773.946,-68.194,2.816
24.8031,-32.000,640.162,779.149,-69.493,1.516
24.8988,-32.000,642.780,783.166,-70.193,0.816
24.9988,-32.000,645.224,786.364,-70.570,0.440
25.0953,-31.000,656.634,765.348,-54.357,14.452
25.2020,-31.000,653.381,775.436,-61.028,7.782
25.3011,-31.000,652.694,781.933,-64.619,4.190
25.3973,-30.000,662.445,762.721,-50.138,16.472
25.4941,-30.000,658.322,773.802,-57.740,8.869
25.6018,-31.000,632.970,789.468,-78.249,-9.440
25.6983,-31.000,640.710,788.495,-73.892,-5.083
25.7947,-31.000,645.932,789.025,-71.546,-2.737
25.9012,-32.000,625.424,798.821,-86.699,-15.689
25.9981,-34.000,587.183,811.759,-112.288,-36.879
26.0953,-35.000,584.234,807.599,-111.683,-34.073
26.2034,-37.000,556.008,813.583,-128.787,-46.778
26.2993,-39.000,534.714,814.771,-140.028,-53.619
26.3959,-40.000,541.701,805.094,-131.696,-43.087
26.4930,-41.000,543.728,800.179,-128.226,-37.416
26.5994,-42.000,543.055,797.799,-127.372,-34.363
26.6967,-43.000,540.902,796.757,-127.928,-32.718
26.7935,-43.000,562.144,787.798,-112.827,-17.618
26.9007,-43.000,575.496,784.888,-104.696,-9.486
26.9956,-43.000,584.312,784.947,-100.317,-5.108
27.0990,-43.000,590.441,786.361,-97.960,-2.750
27.1938,-43.000,594.917,788.298,-96.690,-1.481
27.2998,-43.000,598.326,790.340,-96.007,-0.797
27.3949,-43.000,601.010,792.288,-95.639,-0.429
27.5023,-43.000,603.177,794.059,-95.441,-0.231
27.5985,-43.000,604.958,795.626,-95.334,-0.125
27.6968,-43.000,606.438,796.991,-95.276,-0.067
27.7934,-43.000,607.678,798.169,-95.245,-0.036
27.9021,-43.000,608.722,799.180,-95.229,-0.019
27.9971,-43.000,609.605,800.045,-95.220,-0.010
28.0931,-43.000,610.352,800.782,-95.215,-0.006
28.2007,-44.000,586.771,810.026,-111.628,-14.218
28.2971,-43.000,603.955,781.255,-88.650,6.559
28.3941,-43.000,603.503,786.858,-91.677,3.532
28.4912,-43.000,604.062,790.677,-93.308,1.902
28.5985,-42.000,614.261,769.801,-77.770,15.239
28.6967,-42.000,610.189,779.796,-84.804,8.206
28.7935,-41.000,618.134,762.485,-72.175,18.634
28.9022,-41.000,613.054,774.605,-80.776,10.034
29.0002,-40.000,620.630,758.613,-68.991,19.618
29.0964,-39.000,624.714,747.975,-61.630,24.779
29.1937,-39.000,617.992,764.126,-73.067,13.343
29.2910,-39.000,615.842,774.292,-79.225,7.184
29.3982,-38.000,625.147,757.398,-66.125,18.084
29.4934,-38.000,621.076,770.020,-74.472,9.738
29.5989,-38.000,620.216,778.149,-78.966,5.243
29.6944,-38.000,620.885,783.657,-81.386,2.823
29.8003,-38.000,622.208,787.586,-82.689,1.520
29.8951,-38.000,623.738,790.520,-83.391,0.819
30.0010,-39.000,601.042,801.410,-100.184,-13.775
30.0988,-40.000,585.666,806.150,-110.242,-21.632
30.1970,-41.000,574.415,807.761,-116.673,-25.864
30.2960,-42.000,565.540,807.843,-121.151,-28.142
30.3945,-43.000,558.076,807.232,-124.578,-29.369
30.4924,-44.000,551.483,806.361,-127.439,-30.029
30.5993,-45.000,545.456,805.445,-129.994,-30.385
30.6955,-45.000,564.028,795.969,-115.971,-16.361
30.7920,-46.000,551.231,800.900,-124.835,-23.025
30.8915,-46.000,566.014,794.429,-114.208,-12.398
30.9998,-46.000,575.270,792.240,-108.485,-6.676
31.0965,-45.000,590.569,768.547,-88.989,10.621
31.1937,-45.000,589.600,777.381,-93.891,5.719
31.3001,-45.000,590.303,783.363,-96.530,3.079
31.3961,-45.000,591.723,787.626,-97.951,1.658
31.4941,-45.000,593.373,790.806,-98.717,0.893
31.5902,-45.000,595.014,793.271,-99.129,0.481
31.6972,-46.000,572.322,803.853,-115.766,-13.957
31.7929,-47.000,556.901,808.381,-125.740,-21.730
31.8927,-47.000,569.800,801.221,-115.710,-11.701
31.9996,-48.000,553.425,806.876,-126.725,-20.516
32.0962,-48.000,565.838,800.351,-117.256,-11.047
32.1941,-49.000,549.223,806.370,-128.573,-20.164
32.2906,-49.000,561.526,800.060,-119.267,-10.857
32.3979,-49.000,569.085,797.596,-114.256,-5.846
32.4942,-49.000,573.948,797.063,-111.557,-3.148
32.5901,-49.000,577.242,797.451,-110.104,-1.695
32.6974,-50.000,555.373,806.848,-125.738,-15.128
32.7971,-51.000,540.340,810.681,-135.171,-22.361
32.8954,-51.000,553.400,803.100,-124.850,-12.041
32.9923,-51.000,561.286,799.872,-119.293,-6.483
33.0899,-51.000,566.258,798.859,-116.300,-3.491
33.1979,-51.000,569.552,798.930,-114.689,-1.880
33.2943,-52.000,547.634,808.108,-130.237,-15.228
33.3895,-51.000,565.963,779.550,-106.793,6.016
33.4986,-51.000,566.339,785.480,-109.570,3.239
33.5960,-51.000,567.524,789.655,-111.065,1.744
33.6936,-50.000,578.213,769.122,-95.455,15.155
33.7907,-50.000,574.534,779.433,-102.449,8.160
33.8971,-49.000,582.802,762.402,-89.800,18.609
33.9945,-48.000,587.205,751.152,-81.974,24.236
34.0898,-47.000,589.824,743.312,-76.744,27.265
34.1973,-45.000,600.952,713.946,-56.497,43.112
34.2944,-43.000,606.734,693.862,-43.564,51.645
34.3907,-41.000,610.250,679.389,-34.570,56.240
34.4989,-38.000,622.283,644.843,-11.280,72.929
34.5954,-36.000,619.986,644.204,-12.109,67.700
34.6909,-34.000,620.922,641.972,-10.525,64.885
34.7984,-32.000,623.855,639.137,-7.641,63.369
34.8938,-31.000,618.866,659.810,-20.472,48.337
34.9889,-32.000,586.506,704.901,-59.197,11.812
35.0975,-34.000,545.535,740.494,-97.480,-22.070
35.1939,-34.000,568.435,743.022,-87.293,-11.884
35.2908,-32.000,603.158,701.113,-48.978,22.032
35.3952,-30.000,623.366,675.997,-26.315,40.294
35.4911,-28.000,661.783,668.738,-3.478,36.110
35.5970,-26.000,681.276,685.769,-2.246,34.541
35.6939,-24.000,704.013,704.116,-0.052,33.953
35.7894,-22.000,729.057,724.033,2.512,33.732
35.8941,-20.000,755.889,745.458,5.216,33.650
35.9890,-18.000,784.174,768.230,7.972,33.619
36.0941,-16.000,813.670,792.172,10.749,33.607
36.1886,-14.000,844.187,817.117,13.535,33.603
36.2934,-12.000,875.568,842.918,16.325,33.601
36.3893,-10.000,907.683,869.448,19.117,33.600
36.4930,-9.000,935.420,915.398,10.011,23.100
36.5891,-8.000,968.613,953.678,7.468,19.163
36.6975,-7.000,1003.328,988.555,7.386,17.686
36.7926,-6.000,1031.800,1015.343,8.228,17.132
36.8980,-5.000,1040.840,1022.006,9.417,16.925
36.9946,-5.000,1044.433,1046.762,-1.164,6.347
37.0921,-4.000,1057.511,1043.979,6.766,12.880
37.1967,-2.000,1071.336,1026.306,22.515,25.830
37.2918,2.000,1086.158,978.213,53.972,51.686
37.3973,5.000,1081.117,966.373,57.372,50.882
37.4901,8.000,1076.047,953.495,61.276,50.581
37.6003,11.000,1070.713,939.972,65.371,50.468
37.6879,13.000,1061.266,945.991,57.638,39.925
37.7952,15.000,1057.467,944.477,56.495,35.972
37.8944,16.000,1051.537,959.690,45.923,23.990
37.9936,17.000,1051.801,966.117,42.842,19.496
38.0895,16.000,1031.171,993.635,18.768,-3.189
38.1948,15.000,1024.801,1007.058,8.872,-11.696
38.2900,15.000,1042.620,1010.236,16.192,-4.386
38.3955,14.000,1035.494,1021.408,7.043,-12.145
38.4920,13.000,1033.513,1028.028,2.743,-15.054
38.5883,13.000,1052.403,1028.082,12.161,-5.645
38.6959,11.000,1026.390,1042.597,-8.103,-23.117
38.7915,10.000,1032.159,1043.256,-5.548,-19.169
38.8893,9.000,1035.577,1046.500,-5.461,-17.688
38.9871,7.000,1019.369,1055.772,-18.201,-27.633
39.0915,6.000,1029.896,1055.549,-12.826,-20.862
39.1882,5.000,1036.017,1059.385,-11.684,-18.323
39.2980,3.000,1021.604,1069.663,-24.030,-27.871
39.3935,2.000,1033.467,1070.485,-18.509,-20.952
39.4906,1.000,1040.654,1075.280,-17.313,-18.357
39.5977,1.000,1064.720,1076.399,-5.839,-6.884
39.6948,1.000,1079.727,1082.799,-1.536,-2.581
39.7905,0.000,1071.638,1095.284,-11.823,-11.468
39.8892,-1.000,1068.173,1101.286,-16.556,-14.801
39.9974,-1.000,1086.001,1100.614,-7.306,-5.550
40.0944,-2.000,1076.760,1108.238,-15.739,-12.581
40.1912,-3.000,1071.434,1110.989,-19.778,-15.218
40.2870,-3.000,1087.349,1107.886,-10.269,-5.707
40.3961,-3.000,1096.358,1109.766,-6.704,-2.140
40.4937,-4.000,1082.321,1116.860,-17.269,-11.303
40.5900,-4.000,1093.931,1114.347,-10.208,-4.238
40.6970,-4.000,1100.444,1115.568,-7.562,-1.589
40.7947,-4.000,1104.721,1117.864,-6.571,-0.596
40.8919,-4.000,1107.885,1120.288,-6.202,-0.224
40.9892,-4.000,1110.396,1122.525,-6.065,-0.084
41.0966,-4.000,1112.464,1124.494,-6.015,-0.031
41.1943,-4.000,1114.196,1126.193,-5.998,-0.012
41.2898,-3.000,1120.660,1108.846,5.907,10.496
41.3860,-3.000,1116.973,1118.282,-0.655,3.936
41.4929,-3.000,1116.954,1123.188,-3.117,1.476
41.5899,-4.000,1098.106,1129.990,-15.942,-9.947
41.6883,-4.000,1106.700,1126.156,-9.728,-3.730
41.7942,-5.000,1091.051,1129.652,-19.301,-11.899
41.8887,-6.000,1080.818,1128.354,-23.768,-14.962
41.9863,-7.000,1072.764,1125.407,-26.322,-16.111
42.0930,-8.000,1065.652,1121.968,-28.158,-16.542
42.1886,-9.000,1059.000,1118.452,-29.726,-16.703
42.2944,-10.000,1052.611,1114.998,-31.193,-16.764
42.3916,-11.000,1046.398,1111.645,-32.624,-16.786
42.4883,-11.000,1060.316,1104.596,-22.140,-6.295
42.5858,-12.000,1047.161,1107.389,-30.114,-12.861
42.6921,-12.000,1058.286,1102.456,-22.085,-4.823
42.7886,-12.000,1063.924,1102.082,-19.079,-1.809
42.8940,-12.000,1067.283,1103.197,-17.957,-0.678
42.9908,-12.000,1069.600,1104.683,-17.542,-0.254
43.0862,-11.000,1076.367,1087.348,-5.490,10.405
43.1862,-10.000,1077.866,1078.067,-0.100,14.402
43.2941,-9.000,1078.052,1072.467,2.792,15.901
43.3901,-8.000,1078.307,1068.809,4.749,16.463
43.4873,-7.000,1079.066,1066.357,6.355,16.674
43.5949,-7.000,1075.421,1083.563,-4.071,6.253
43.6939,-6.000,1082.273,1074.439,3.917,12.845
43.7898,-5.000,1085.775,1070.205,7.785,15.317
43.8851,-4.000,1088.389,1068.169,10.110,16.244
43.9915,-4.000,1085.979,1086.070,-0.045,6.091
44.0861,-4.000,1088.753,1096.464,-3.855,2.284
44.1919,-5.000,1072.918,1107.291,-17.187,-9.643
44.2862,-5.000,1084.313,1106.639,-11.163,-3.616
44.3931,-6.000,1071.135,1112.749,-20.807,-11.856
44.4885,-7.000,1063.037,1113.640,-25.302,-14.946
44.5870,-7.000,1076.810,1108.741,-15.965,-5.605
44.6958,-8.000,1064.078,1112.815,-24.368,-12.602
44.7923,-8.000,1075.769,1108.765,-16.498,-4.726
44.8887,-7.000,1086.965,1090.263,-1.649,8.728
44.9849,-6.000,1090.902,1081.318,4.792,13.773
45.0937,-6.000,1087.660,1095.301,-3.820,5.165
45.1895,-6.000,1088.994,1103.099,-7.053,1.937
45.2869,-5.000,1096.660,1089.393,3.633,11.226
45.3935,-4.000,1099.574,1082.546,8.514,14.710
45.4894,-2.000,1106.208,1059.970,23.119,26.516
58.7957,0.000,25.465,25.465,0.000,0.000
58.8826,0.000,50.930,50.930,0.000,0.000
58.9783,0.000,76.394,76.394,0.000,0.000
59.0863,0.000,101.859,101.859,0.000,0.000
59.1837,0.000,127.324,127.324,0.000,0.000
59.2791,0.000,152.789,152.789,0.000,0.000
59.3865,1.000,182.054,158.253,11.901,10.500
59.4822,1.000,201.572,190.895,5.339,3.937
59.5801,1.000,225.100,219.342,2.879,1.477
59.6785,1.000,250.087,246.174,1.957,0.554
59.7858,1.000,275.584,272.362,1.611,0.208
59.8825,2.000,305.041,278.276,13.383,10.578
59.9786,2.000,324.784,311.238,6.773,3.967
60.0860,2.000,348.526,339.936,4.295,1.488
60.1839,2.000,373.704,366.970,3.367,0.558
60.2790,1.000,380.566,398.328,-8.881,-10.291
60.3873,1.000,414.562,419.459,-2.449,-3.859
60.4836,1.000,444.223,444.295,-0.036,-1.447
60.5793,1.000,472.109,470.371,0.869,-0.543
60.6868,0.000,480.402,501.785,-10.692,-10.704
60.7834,0.000,515.287,523.291,-4.002,-4.014
60.8799,0.000,545.581,548.568,-1.493,-1.505
60.9867,-1.000,553.959,578.865,-12.453,-11.064
61.0836,-1.000,588.630,599.707,-5.539,-4.149
61.1793,-2.000,598.635,628.328,-14.847,-12.056
61.2849,-3.000,613.903,652.331,-19.214,-15.021
61.3829,-4.000,631.298,674.756,-21.729,-16.133
61.4798,-5.000,649.621,696.719,-23.549,-16.550
61.5851,-6.000,668.402,718.621,-25.110,-16.706
61.6811,-6.000,707.449,736.794,-14.673,-6.265
61.7881,-7.000,719.498,764.822,-22.662,-12.849
61.8832,-7.000,755.876,785.148,-14.636,-4.818
61.9794,-8.000,766.801,813.861,-23.530,-12.307
62.0843,-9.000,782.653,838.142,-27.745,-15.115
62.1818,-10.000,800.468,860.878,-30.205,-16.168
62.2789,-8.000,849.122,841.732,3.695,14.937
62.3848,-6.000,881.143,844.833,18.155,26.601
62.4824,-3.000,913.261,838.807,37.227,41.476
62.5788,-1.000,934.748,864.539,35.104,36.553
62.6852,0.000,955.789,907.472,24.158,24.207
62.7820,1.000,982.969,941.110,20.930,19.578
62.8793,4.000,1019.303,930.511,44.396,38.842
62.9784,5.000,1036.088,972.041,32.024,25.066
63.0837,6.000,1060.329,1003.806,28.262,19.900
63.1804,9.000,1094.421,991.359,51.531,38.962
63.2868,14.000,1099.133,925.755,86.689,67.111
63.3838,14.000,1068.820,979.310,44.755,25.167
63.4788,10.000,987.775,1024.910,-18.567,-32.563
63.5854,10.000,1023.070,1019.488,1.791,-12.211
63.6789,11.000,1047.205,1004.544,21.331,5.921
63.7821,11.000,1054.919,1019.643,17.638,2.220
63.8860,11.000,1063.234,1030.718,16.258,0.833
63.9816,9.000,1033.361,1049.473,-8.056,-20.688
64.0850,8.000,1037.771,1051.813,-7.021,-18.258
64.1813,7.000,1040.756,1055.765,-7.505,-17.347
64.2789,4.000,1005.649,1070.369,-32.360,-38.005
64.3849,2.000,1005.590,1070.401,-32.406,-35.252
64.4805,0.000,1005.010,1073.357,-34.173,-34.219
64.5771,-3.000,982.405,1079.382,-48.488,-44.332
64.6862,-4.000,1005.564,1070.930,-32.683,-27.125
64.7848,-6.000,996.263,1075.332,-39.535,-31.172
64.8820,-8.000,988.657,1076.373,-43.858,-32.689
64.9766,-8.000,1021.293,1068.158,-23.433,-12.259
65.0810,-9.000,1019.327,1074.681,-27.677,-15.097
65.1772,-11.000,998.191,1082.290,-42.049,-26.661
65.2804,-12.000,1004.098,1078.687,-37.295,-20.498
65.3838,-13.000,1005.379,1078.163,-36.392,-18.187
65.4780,-12.000,1029.559,1055.827,-13.134,3.680
65.5828,-11.000,1040.535,1047.618,-3.542,11.880
65.6786,-10.000,1046.779,1044.926,0.926,14.955
65.7847,-9.000,1051.435,1044.489,3.473,16.108
65.8795,-9.000,1050.654,1063.856,-6.601,6.041
65.9834,-9.000,1054.772,1075.537,-10.382,2.265
66.0783,-8.000,1065.065,1064.872,0.096,11.349
66.1856,-8.000,1065.308,1079.314,-7.003,4.256
66.2812,-8.000,1068.883,1088.220,-9.668,1.596
66.3780,-8.000,1073.185,1094.528,-10.671,0.599
66.4822,-8.000,1077.314,1099.417,-11.051,0.224
66.5757,-9.000,1061.000,1107.196,-23.098,-10.416
66.6811,-9.000,1071.377,1104.565,-16.594,-3.906
66.7851,-9.000,1077.104,1105.422,-14.159,-1.465
66.8806,-10.000,1060.810,1111.112,-25.151,-11.049
66.9783,-10.000,1038.369,1094.609,-28.120,-5.950
67.0851,-11.000,996.517,1080.121,-41.802,-17.419
67.1813,-12.000,960.064,1060.445,-50.191,-23.595
67.2767,-12.000,950.766,1029.394,-39.314,-12.705
67.3801,-11.000,944.865,978.958,-17.047,7.374
67.4840,-11.000,921.186,962.111,-20.462,3.971
67.5791,-10.000,907.515,919.297,-5.891,16.353
67.6751,-9.000,888.847,882.913,2.967,23.021
67.7834,-9.000,858.495,873.831,-7.668,12.396
67.8809,-8.000,841.401,835.366,3.017,20.890
67.9776,-7.000,821.035,801.468,9.783,25.464
68.0841,-7.000,789.892,793.846,-1.977,13.711
68.1799,-6.000,772.479,756.271,8.104,21.598
68.2761,-6.000,749.180,752.923,-1.871,11.630
68.3828,-5.000,757.931,739.589,9.171,20.478
68.4771,-4.000,763.243,730.982,16.131,25.242
68.5811,-4.000,757.688,748.736,4.476,13.592
68.6760,-4.000,756.595,760.198,-1.801,7.319
68.7841,-5.000,733.403,776.603,-21.600,-10.275
68.8794,-6.000,718.539,785.099,-33.280,-19.748
68.9837,-6.000,732.440,780.785,-24.172,-10.633
69.0782,-6.000,741.416,779.958,-19.271,-5.726
69.1843,-6.000,747.515,780.785,-16.635,-3.083
69.2808,-6.000,751.875,782.313,-15.219,-1.660
69.3791,-6.000,755.137,784.055,-14.459,-0.894
69.4744,-6.000,757.670,785.776,-14.053,-0.481
69.5791,-5.000,768.910,763.752,2.579,13.956
69.6780,-6.000,741.163,781.732,-20.284,-6.701
69.7757,-7.000,723.382,790.612,-33.615,-17.823
69.8818,-8.000,711.101,794.727,-41.813,-23.813
69.9792,-8.000,726.111,787.774,-30.831,-12.822
70.0743,-8.000,735.445,785.290,-24.922,-6.904
70.1836,-7.000,750.751,761.407,-5.328,10.498
70.2801,-6.000,758.969,746.498,6.236,19.868
70.3790,-7.000,730.232,768.947,-19.357,-3.517
70.4759,-8.000,712.459,780.776,-34.158,-16.109
70.5824,-10.000,676.426,795.556,-59.565,-37.105
70.6791,-12.000,651.075,801.642,-75.283,-48.410
70.7754,-14.000,631.785,803.358,-85.786,-54.498
70.8810,-16.000,616.020,802.984,-93.482,-57.776
70.9774,-19.000,578.160,810.326,-116.083,-73.756
71.0752,-20.000,597.494,794.452,-98.479,-53.930
71.1833,-22.000,582.900,795.786,-106.443,-57.470
71.2793,-24.000,570.332,795.884,-112.776,-59.376
71.3769,-26.000,559.006,795.410,-118.202,-60.403
71.4748,-28.000,548.438,794.748,-123.155,-60.955
71.5807,-30.000,538.368,794.073,-127.852,-61.253
71.6769,-31.000,552.857,784.851,-115.997,-47.198
71.7848,-33.000,535.948,790.036,-127.044,-53.845
71.8799,-34.000,546.601,783.818,-118.608,-43.209
71.9743,-34.000,575.929,773.260,-98.666,-23.266
72.0815,-35.000,570.429,779.114,-104.343,-26.743
72.1777,-35.000,590.422,774.422,-92.000,-14.400
72.2750,-35.000,603.572,774.279,-85.353,-7.754
72.3737,-35.000,612.678,776.227,-81.775,-4.175
72.4809,-35.000,619.303,778.999,-79.848,-2.248
72.5790,-35.000,624.335,781.955,-78.810,-1.211
72.6759,-35.000,628.288,784.791,-78.251,-0.652
72.7733,-35.000,631.474,787.375,-77.950,-0.351
72.8814,-35.000,634.089,789.666,-77.788,-0.189
72.9760,-35.000,636.261,791.663,-77.701,-0.102
73.0741,-35.000,638.080,793.388,-77.654,-0.055
73.1812,-35.000,639.611,794.869,-77.629,-0.030
73.2782,-35.000,640.905,796.136,-77.615,-0.016
73.3756,-35.000,642.001,797.217,-77.608,-0.009
73.4741,-35.000,642.930,798.138,-77.604,-0.005
73.5732,-36.000,619.503,807.537,-94.017,-14.218
73.6806,-36.000,627.603,802.514,-87.455,-7.656
73.7760,-36.000,632.444,800.288,-83.922,-4.122
73.8735,-37.000,611.243,808.112,-98.435,-16.435
73.9820,-37.000,620.643,802.341,-90.849,-8.850
74.0793,-37.000,626.270,799.799,-86.765,-4.765
74.1790,-38.000,605.565,807.526,-100.981,-16.781
74.2780,-38.000,615.295,801.766,-93.236,-9.036
74.3746,-39.000,596.936,807.897,-105.480,-19.081
74.4721,-39.000,608.047,801.395,-96.674,-10.274
74.5802,-40.000,590.532,807.226,-108.347,-19.748
74.6746,-40.000,602.180,800.646,-99.233,-10.633
74.7815,-40.000,609.242,797.893,-94.325,-5.726
74.8789,-41.000,589.501,805.697,-108.098,-17.298
74.9757,-41.000,599.911,800.139,-100.114,-9.315
75.0821,-41.000,606.273,797.903,-95.815,-5.016
75.1785,-41.000,610.341,797.341,-93.500,-2.701
75.2779,-41.000,613.077,797.585,-92.254,-1.454
75.3730,-41.000,615.015,798.180,-91.583,-0.783
75.4799,-41.000,616.453,798.896,-91.221,-0.422
75.5759,-41.000,617.563,799.616,-91.027,-0.227
75.6733,-41.000,618.446,800.289,-90.922,-0.122
75.7804,-41.000,619.163,800.894,-90.865,-0.066
75.8772,-41.000,619.756,801.426,-90.835,-0.035
75.9745,-41.000,620.250,801.887,-90.819,-0.019
76.0818,-40.000,629.880,778.669,-74.394,14.205
76.1790,-40.000,625.049,786.950,-80.951,7.649
76.2780,-40.000,622.985,791.947,-84.481,4.119
76.3753,-40.000,622.331,795.094,-86.382,2.218
76.4803,-40.000,622.366,797.177,-87.405,1.194
76.5762,-41.000,598.500,807.244,-104.372,-13.572
76.6738,-41.000,606.400,802.615,-98.108,-7.308
76.7805,-41.000,611.163,800.633,-94.735,-3.935
76.8772,-41.000,614.161,799.998,-92.918,-2.119
76.9721,-40.000,625.359,776.409,-75.525,13.074
77.0794,-39.000,630.774,761.062,-65.144,21.255
77.1737,-39.000,624.242,774.151,-74.954,11.445
77.2783,-39.000,621.746,782.220,-80.237,6.163
77.3743,-39.000,621.271,787.433,-83.081,3.318
77.4781,-38.000,630.968,767.363,-68.197,16.002
77.5738,-38.000,626.674,777.840,-75.583,8.617
77.6707,-37.000,634.540,760.829,-63.144,18.855
77.7778,-37.000,629.452,773.145,-71.847,10.153
77.8742,-36.000,637.053,757.287,-60.117,19.682
77.9712,-35.000,641.175,746.747,-52.786,24.814
78.0766,-34.000,643.710,739.356,-47.823,27.577
78.1710,-34.000,636.419,757.520,-60.551,14.849
78.2770,-34.000,634.186,768.994,-67.404,7.996
78.3736,-34.000,634.424,776.612,-71.094,4.305
78.4724,-34.000,635.775,781.938,-73.081,2.318
78.5811,-34.000,637.543,785.846,-74.151,1.248
78.6790,-35.000,615.164,797.449,-91.143,-13.543
78.7770,-35.000,624.335,794.119,-84.892,-7.293
78.8715,-34.000,639.398,769.620,-65.111,10.289
78.9784,-34.000,638.140,777.859,-69.859,5.540
79.0750,-34.000,638.549,783.382,-72.416,2.983
79.1709,-34.000,639.694,787.280,-73.793,1.606
79.2790,-34.000,641.096,790.165,-74.535,0.865
79.3769,-34.000,642.518,792.386,-74.934,0.466
79.4742,-34.000,643.852,794.149,-75.149,0.251
79.5719,-35.000,620.837,804.197,-91.680,-14.080
79.6706,-35.000,629.324,799.687,-85.181,-7.582
79.7787,-36.000,610.299,806.493,-98.097,-18.298
79.8743,-37.000,596.835,808.971,-106.068,-24.068
79.9701,-38.000,586.559,809.308,-111.375,-27.175
80.0767,-39.000,578.162,808.658,-115.248,-28.848
80.1742,-40.000,570.916,807.613,-118.348,-29.749
80.2733,-40.000,588.623,797.860,-104.618,-16.019
80.3698,-40.000,599.397,793.846,-97.225,-8.625
80.4775,-40.000,606.251,792.739,-93.244,-4.644
80.5728,-40.000,610.836,793.037,-91.100,-2.501
80.6773,-40.000,614.066,793.959,-89.946,-1.347
80.7709,-40.000,616.452,795.102,-89.325,-0.725
80.8753,-41.000,594.071,804.882,-105.405,-14.606
80.9752,-41.000,602.957,800.286,-98.664,-7.865
81.0711,-41.000,608.410,798.479,-95.034,-4.235
81.1692,-41.000,611.914,798.074,-93.080,-2.280
81.2762,-41.000,614.284,798.339,-92.027,-1.228
81.3730,-41.000,615.970,798.892,-91.461,-0.661
81.4696,-42.000,593.012,808.154,-107.571,-14.571
81.5779,-42.000,601.416,803.107,-100.846,-7.846
81.6768,-43.000,582.249,809.528,-113.640,-18.440
81.7732,-43.000,592.843,803.100,-105.129,-9.929
81.8799,-43.000,599.196,800.288,-100.546,-5.347
81.9751,-43.000,603.169,799.326,-98.078,-2.879
82.0717,-43.000,605.777,799.276,-96.750,-1.550
82.1693,-43.000,607.580,799.648,-96.034,-0.835
82.2766,-42.000,618.104,776.572,-79.234,13.766
82.3738,-41.000,623.132,761.475,-69.172,21.628
82.4689,-41.000,616.371,774.678,-79.154,11.646
82.5761,-42.000,589.518,791.406,-100.944,-7.945
82.6716,-41.000,605.597,767.321,-80.862,9.938
82.7791,-41.000,605.108,776.005,-85.449,5.351
82.8760,-41.000,606.121,781.958,-87.918,2.881
82.9715,-40.000,616.967,762.632,-72.833,15.767
83.0693,-39.000,622.802,750.190,-63.694,22.705
83.1765,-38.000,626.230,741.746,-57.758,26.441
83.2737,-37.000,628.610,735.703,-53.547,28.453
83.3709,-36.000,630.636,731.162,-50.263,29.536
83.4754,-35.000,632.650,727.610,-47.480,30.120
83.5724,-35.000,625.596,748.358,-61.381,16.218
83.6690,-34.000,633.146,738.048,-52.451,22.948
83.7775,-34.000,628.881,754.966,-63.043,12.357
83.8755,-34.000,628.556,766.047,-68.746,6.654
83.9716,-35.000,605.840,782.305,-88.232,-10.633
84.0764,-37.000,567.072,799.384,-116.156,-34.156
84.1730,-38.000,564.403,798.017,-116.807,-32.607
84.2719,-38.000,585.238,788.752,-101.757,-17.558
84.3686,-38.000,598.258,785.566,-93.654,-9.454
84.4740,-37.000,616.017,761.766,-72.875,9.125
84.5700,-37.000,616.738,770.910,-77.086,4.913
84.6737,-37.000,618.663,777.371,-79.354,2.646
84.7700,-38.000,596.790,790.771,-96.990,-12.791
84.8759,-38.000,606.593,788.767,-91.087,-6.887
84.9735,-39.000,588.871,797.518,-104.323,-17.924
85.0724,-40.000,576.615,801.548,-112.466,-23.867
85.1691,-41.000,567.419,803.152,-117.866,-27.067
85.2766,-40.000,593.400,771.317,-88.958,-0.359
85.3730,-39.000,607.794,752.549,-72.377,14.022
85.4699,-38.000,616.178,741.046,-62.434,21.766
85.5735,-38.000,612.307,757.266,-72.479,11.720
85.6718,-38.000,612.146,767.924,-77.889,6.311
85.7690,-39.000,589.479,783.913,-97.217,-10.817
85.8726,-40.000,574.918,792.197,-108.640,-20.040
85.9675,-41.000,564.785,796.396,-115.806,-25.006
86.0760,-42.000,557.088,798.448,-120.680,-27.680
86.1738,-41.000,584.180,767.158,-91.489,-0.689
86.2718,-40.000,599.430,748.941,-74.755,13.844
86.3689,-38.000,617.710,714.338,-48.314,35.885
86.4765,-37.000,618.425,715.348,-48.461,33.538
86.5739,-34.000,638.826,668.214,-14.694,60.705
86.6693,-32.000,640.377,660.139,-9.881,61.118
86.7761,-31.000,633.611,676.960,-21.674,47.125
86.8739,-31.000,623.635,710.484,-43.424,25.375
86.9688,-31.000,621.931,732.203,-55.136,13.664
87.0760,-31.000,624.131,747.015,-61.442,7.357
87.1735,-32.000,603.750,766.257,-81.253,-10.254
87.2704,-33.000,591.283,777.155,-92.936,-19.737
87.3679,-35.000,558.795,792.110,-116.658,-39.058
87.4753,-35.000,584.370,781.632,-98.631,-21.031
87.5715,-35.000,600.493,778.341,-88.924,-11.325
87.6688,-35.000,611.174,778.568,-83.697,-6.098
87.7763,-36.000,594.408,789.005,-97.298,-17.499
87.8739,-38.000,558.864,802.970,-122.053,-37.853
87.9707,-40.000,533.733,808.558,-137.413,-48.813
88.0663,-39.000,572.172,769.108,-98.468,-12.069
88.1751,-39.000,584.812,770.608,-92.898,-6.499
88.2739,-39.000,593.821,773.619,-89.899,-3.499
88.3696,-39.000,600.545,777.112,-88.284,-1.884
88.4755,-39.000,605.756,780.585,-87.414,-1.015
88.5728,-38.000,619.131,760.192,-70.530,13.669
88.6695,-39.000,593.124,779.633,-93.255,-6.855
88.7667,-39.000,600.997,781.179,-90.091,-3.691
88.8740,-38.000,615.919,759.863,-71.972,12.228
88.9688,-38.000,615.058,770.289,-77.615,6.584
89.0746,-37.000,625.300,753.778,-64.239,17.761
89.1708,-37.000,621.938,766.810,-72.436,9.563
89.2684,-37.000,621.635,775.334,-76.850,5.150
89.3663,-37.000,622.752,781.205,-79.227,2.773
89.4712,-38.000,600.226,794.070,-96.922,-12.722
89.5673,-38.000,609.492,791.592,-91.050,-6.850
89.6731,-39.000,591.323,799.931,-104.304,-17.904
89.7700,-39.000,602.909,794.989,-96.040,-9.641
89.8752,-39.000,610.182,793.364,-91.591,-5.191
89.9716,-38.000,624.194,769.753,-72.779,11.420
90.0698,-38.000,622.344,778.444,-78.050,6.149
90.1661,-38.000,622.413,784.189,-80.888,3.311
90.2725,-39.000,599.140,796.804,-98.832,-12.432
90.3691,-40.000,583.633,802.652,-109.509,-20.910
90.4749,-40.000,596.679,796.396,-99.859,-11.259
90.5703,-40.000,604.761,794.085,-94.662,-6.063
90.6682,-40.000,610.012,793.740,-91.864,-3.264
90.7752,-39.000,622.819,770.703,-73.942,12.458
90.8742,-39.000,620.222,779.605,-79.692,6.708
90.9714,-39.000,619.805,785.380,-82.788,3.612
91.0685,-39.000,620.415,789.324,-84.455,1.945
91.1672,-39.000,621.453,792.158,-85.352,1.047
91.2768,-39.000,622.616,794.287,-85.836,0.564
91.3741,-40.000,599.539,804.561,-102.511,-13.912
91.4730,-39.000,617.234,776.584,-79.675,6.724
91.5690,-39.000,617.260,782.817,-82.779,3.621
91.6652,-39.000,618.249,787.149,-84.450,1.950
91.7743,-38.000,628.826,766.695,-68.934,15.265
91.8697,-38.000,625.083,777.043,-75.980,8.220
91.9654,-38.000,624.096,783.643,-79.773,4.426
92.0707,-38.000,624.439,788.072,-81.816,2.383
92.1672,-38.000,625.367,791.200,-82.916,1.283
92.2751,-39.000,602.283,802.131,-99.924,-13.524
92.3750,-40.000,586.645,806.840,-110.097,-21.498
92.4731,-40.000,599.422,799.773,-100.175,-11.576
92.5704,-40.000,607.192,796.857,-94.833,-6.233
92.6673,-40.000,612.131,796.043,-91.956,-3.356
92.7728,-39.000,624.649,772.631,-73.991,12.408
92.8707,-39.000,621.792,781.229,-79.718,6.681
92.9684,-39.000,621.148,786.752,-82.802,3.598
93.0653,-39.000,621.562,790.486,-84.462,1.937
93.1706,-38.000,631.646,769.528,-68.941,15.258
93.2680,-38.000,627.482,779.448,-75.983,8.216
93.3667,-38.000,626.136,785.687,-79.775,4.424
93.4724,-39.000,601.958,798.424,-98.233,-11.833
93.5691,-39.000,610.058,795.600,-92.771,-6.372
93.6656,-39.000,615.240,794.901,-89.830,-3.431
93.7739,-39.000,618.730,795.223,-88.247,-1.847
93.8730,-39.000,621.202,795.991,-87.394,-0.995
93.9695,-39.000,623.038,796.908,-86.935,-0.536
94.0650,-39.000,624.456,797.831,-86.688,-0.288
94.1741,-40.000,601.368,807.308,-102.970,-14.371
94.2723,-40.000,609.716,802.391,-96.338,-7.738
94.3680,-40.000,614.746,800.278,-92.766,-4.167
94.4738,-40.000,617.908,799.595,-90.843,-2.244
94.5716,-41.000,595.782,808.228,-106.223,-15.423
94.6698,-43.000,556.235,820.106,-131.935,-36.736
94.7677,-44.000,552.216,815.007,-131.396,-33.996
94.8644,-45.000,547.315,811.556,-132.121,-32.521
94.9733,-47.000,517.845,817.728,-149.942,-45.942
95.0724,-47.000,544.148,801.623,-128.738,-24.738
95.1688,-49.000,511.468,811.769,-150.151,-41.751
95.2684,-50.000,511.946,806.539,-147.296,-36.697
95.3661,-50.000,534.363,795.082,-130.359,-19.760
95.4650,-51.000,523.925,799.235,-137.655,-24.855
95.5713,-51.000,540.226,792.593,-126.183,-13.384
95.6657,-52.000,526.293,799.136,-136.421,-21.422
95.7704,-52.000,540.539,793.608,-126.534,-11.535
95.8675,-52.000,549.568,791.989,-121.211,-6.211
95.9703,-52.000,555.584,792.272,-118.344,-3.344
96.0649,-52.000,559.805,793.406,-116.800,-1.801
96.1690,-52.000,562.912,794.850,-115.969,-0.970
96.2731,-52.000,565.293,796.337,-115.522,-0.522
96.3664,-52.000,567.178,797.740,-115.281,-0.281
96.4709,-52.000,568.706,799.007,-115.151,-0.151
96.5658,-52.000,569.963,800.125,-115.081,-0.082
96.6715,-51.000,580.226,777.482,-98.628,14.171
96.7655,-51.000,575.924,786.261,-105.169,7.631
96.8742,-50.000,583.519,768.070,-92.275,18.324
96.9672,-50.000,578.059,779.524,-100.733,9.867
97.0722,-49.000,585.268,763.010,-88.871,19.528
97.1671,-48.000,631.791,731.308,-49.758,17.823
97.2722,-46.000,648.270,722.466,-37.098,27.684
97.3667,-45.000,658.033,743.033,-42.500,20.881
97.4720,-44.000,674.193,761.495,-43.651,18.331
97.5681,-43.000,693.770,780.185,-43.208,17.374
97.6634,-42.000,715.494,799.827,-42.166,17.015
97.7677,-41.000,738.760,820.561,-40.901,16.881
97.8733,-40.000,763.230,842.332,-39.551,16.830
97.9704,-39.000,788.682,865.023,-38.170,16.811
98.0657,-37.000,819.956,869.711,-24.877,27.304
98.1725,-36.000,841.994,902.079,-30.042,20.739
98.2691,-34.000,873.475,911.884,-19.204,28.777
98.3637,-32.000,901.855,928.635,-13.390,31.791
98.4704,-30.000,923.620,942.539,-9.460,32.922
98.5646,-28.000,926.969,939.441,-6.236,33.346
98.6714,-26.000,931.235,937.789,-3.277,33.505
98.7654,-25.000,931.405,956.040,-12.317,23.064
98.8630,-24.000,937.302,967.001,-14.849,19.149
98.9707,-23.000,944.983,974.850,-14.933,17.681
99.0653,-22.000,953.017,981.216,-14.099,17.130
99.1623,-22.000,955.915,1005.558,-24.821,6.424
99.2705,-21.000,968.463,1002.364,-16.951,12.909
99.3675,-21.000,971.855,1021.923,-25.034,4.841
99.4644,-20.000,983.570,1015.916,-16.173,12.315
99.5638,-19.000,990.785,1014.753,-11.984,15.118
99.6704,-17.000,1001.397,996.686,2.356,26.669
99.7671,-16.000,1001.549,1006.397,-2.424,20.501
99.8659,-14.000,1010.417,993.311,8.553,28.688
99.9712,-13.000,1010.686,1005.658,2.514,21.258
100.0686,-12.000,1015.253,1013.014,1.119,18.472
100.1664,-11.000,1021.268,1018.334,1.467,17.427
100.2619,-11.000,1022.686,1041.551,-9.433,6.535
100.3702,-9.000,1039.065,1018.511,10.277,23.451
100.4678,-8.000,1041.572,1026.543,7.514,19.294
100.5637,-6.000,1051.488,1012.985,19.251,28.235
100.6700,-6.000,1047.289,1044.088,1.600,10.588
100.7683,-5.000,1057.102,1043.343,6.879,14.471
100.8660,-4.000,1064.409,1044.944,9.732,15.926
100.9627,-3.000,1070.739,1047.387,11.676,16.472
101.0690,-2.000,1076.670,1050.111,13.279,16.677
101.1645,-1.000,1082.425,1052.914,14.755,16.754
101.2622,0.000,1088.091,1055.722,16.184,16.783
101.3692,0.000,1088.703,1077.313,5.695,6.294
101.4654,1.000,1098.007,1070.682,13.662,12.860
101.5713,1.000,1098.606,1087.355,5.625,4.823
101.6643,2.000,1106.733,1077.708,14.513,12.308
101.7702,2.000,1105.896,1092.254,6.821,4.616
101.8658,1.000,1090.039,1105.964,-7.963,-8.769
101.9704,1.000,1102.107,1107.070,-2.481,-3.288
102.0657,0.000,1090.962,1115.614,-12.326,-11.733
102.1704,-1.000,1084.689,1118.476,-16.894,-14.900
102.2656,-1.000,1100.050,1115.214,-7.582,-5.587
102.3698,-2.000,1088.684,1120.666,-15.991,-12.595
102.4670,-3.000,1081.540,1121.582,-20.021,-15.223
102.5639,-3.000,1095.906,1116.923,-10.509,-5.709
102.6701,-4.000,1083.596,1121.283,-18.843,-12.641
102.7667,-4.000,1095.616,1117.507,-10.946,-4.740
102.8609,-5.000,1082.078,1121.851,-19.887,-12.278
102.9680,-5.000,1093.341,1117.774,-12.217,-4.604
103.0666,-5.000,1099.269,1117.954,-9.343,-1.727
103.1629,-5.000,1102.940,1119.474,-8.267,-0.647
103.2609,-6.000,1085.547,1125.080,-19.766,-10.743
103.3691,-6.000,1094.747,1120.860,-13.056,-4.029
103.4661,-6.000,1099.378,1120.464,-10.543,-1.511
103.5632,-6.000,1102.117,1121.323,-9.603,-0.567
103.6619,-6.000,1103.997,1122.503,-9.253,-0.212
103.7703,-6.000,1105.425,1123.674,-9.124,-0.080
103.8664,-5.000,1111.577,1105.933,2.822,10.470
103.9652,-5.000,1107.604,1115.054,-3.725,3.926
104.0627,-4.000,1112.335,1100.899,5.718,11.972
104.1607,-4.000,1108.344,1111.880,-1.768,4.490
104.2605,-3.000,1113.507,1098.859,7.324,12.184
104.3669,-4.000,1090.049,1114.436,-12.193,-5.931
104.4634,-4.000,1097.905,1114.883,-8.489,-2.224
104.5610,-5.000,1082.820,1120.825,-19.003,-11.334
104.6682,-6.000,1073.513,1121.159,-23.823,-14.750
104.7651,-5.000,1091.416,1096.831,-2.708,4.969
104.8619,-4.000,1098.077,1085.908,6.084,12.363
104.9715,-4.000,1096.035,1099.327,-1.646,4.636
115.7645,-1.000,11.463,35.265,-11.901,-10.500
115.8616,-1.000,43.205,53.883,-5.339,-3.937
115.9577,-1.000,70.888,76.645,-2.879,-1.477
116.0560,-1.000,97.069,100.982,-1.957,-0.554
116.1645,-1.000,122.704,125.927,-1.611,-0.208
116.2603,-1.000,148.149,151.114,-1.482,-0.078
116.3582,-1.000,173.536,176.404,-1.434,-0.029
116.4647,0.000,203.911,182.943,10.484,10.489
116.5634,1.000,228.165,196.507,15.829,14.433
116.6580,1.000,246.537,232.919,6.809,5.413
116.7656,1.000,270.258,263.404,3.427,2.030
116.8642,1.000,295.847,291.529,2.159,0.761
116.9584,1.000,322.020,318.652,1.684,0.285
117.0559,1.000,348.313,345.301,1.506,0.107
117.1647,1.000,374.567,371.687,1.440,0.040
117.2612,2.000,404.535,377.902,13.316,10.515
117.3591,2.000,424.662,411.170,6.746,3.943
117.4655,2.000,448.712,440.146,4.283,1.479
117.5604,2.000,474.144,467.424,3.360,0.555
117.6555,2.000,500.021,493.991,3.015,0.208
117.7607,2.000,526.001,520.228,2.886,0.078
117.8651,3.000,555.766,526.286,14.740,10.529
117.9628,3.000,575.732,559.410,8.161,3.948
118.0585,3.000,599.649,588.258,5.695,1.481
118.1552,3.000,624.971,615.427,4.772,0.555
118.2605,3.000,650.754,641.900,4.427,0.208
118.3584,3.000,676.654,668.056,4.299,0.078
118.4559,3.000,702.552,694.047,4.252,0.029
118.5638,3.000,728.408,719.935,4.236,0.011
118.6594,3.000,754.214,745.751,4.231,0.004
118.7579,3.000,779.973,771.511,4.231,0.002
118.8565,3.000,805.689,797.224,4.232,0.001
118.9640,2.000,812.567,827.901,-7.667,-10.500
119.0625,1.000,827.611,853.618,-13.004,-14.437
119.1603,1.000,865.278,873.237,-3.980,-5.414
119.2572,-1.000,858.027,906.821,-24.397,-23.030
119.3545,-2.000,882.431,926.239,-21.904,-19.136
119.4623,-3.000,904.334,948.026,-21.846,-17.676
119.5593,-4.000,925.266,970.668,-22.701,-17.129
119.6543,-5.000,945.806,993.605,-23.899,-16.923
119.7627,-5.000,986.178,1012.830,-13.326,-6.346
119.8611,-5.000,1019.288,1038.014,-9.363,-2.380
119.9544,-5.000,1049.368,1065.126,-7.879,-0.892
120.0585,-5.000,1078.048,1092.698,-7.325,-0.335
120.1634,-5.000,1105.980,1120.219,-7.119,-0.125
120.2592,-5.000,1107.978,1122.066,-7.044,-0.047
120.3546,-4.000,1114.638,1104.874,4.882,10.482
120.4623,-3.000,1116.109,1095.651,10.229,14.431
120.5593,-2.000,1116.294,1090.078,13.108,15.912
120.6574,-1.000,1116.558,1086.433,15.063,16.467
120.7634,0.000,1117.329,1083.988,16.671,16.675
120.8592,1.000,1117.497,1081.198,18.150,16.753
120.9565,2.000,1117.213,1078.052,19.580,16.782
121.0640,2.000,1112.768,1094.582,9.093,6.293
121.1594,3.000,1117.773,1083.650,17.061,12.860
121.2556,4.000,1118.519,1076.665,20.927,15.323
121.3636,4.000,1113.794,1091.088,11.353,5.746
121.4604,4.000,1114.327,1098.798,7.765,2.155
121.5594,3.000,1097.685,1108.645,-5.480,-9.692
121.6570,3.000,1108.358,1107.199,0.580,-3.634
121.7553,2.000,1095.751,1113.846,-9.048,-11.863
121.8534,2.000,1108.135,1111.398,-1.632,-4.449
121.9608,1.000,1096.338,1117.840,-10.751,-12.168
122.0550,0.000,1090.368,1120.459,-15.046,-15.063
122.1613,-2.000,1065.856,1124.721,-29.433,-26.649
122.2563,-4.000,1048.903,1122.063,-36.580,-30.993
122.3609,-6.000,1034.935,1116.961,-41.013,-32.622
122.4577,-7.000,1042.214,1107.272,-32.529,-22.733
122.5571,-8.000,1042.893,1103.346,-30.226,-19.025
122.6558,-8.000,1060.897,1097.580,-18.341,-7.134
122.7631,-9.000,1050.552,1102.129,-25.789,-13.175
122.8602,-10.000,1043.816,1102.738,-29.461,-15.441
122.9580,-11.000,1038.355,1101.791,-31.718,-16.290
123.0535,-12.000,1033.304,1100.195,-33.445,-16.609
123.1633,-12.000,1048.351,1094.498,-23.073,-6.228
123.2590,-11.000,1061.210,1075.786,-7.288,8.164
123.3564,-10.000,1066.113,1067.109,-0.498,13.562
123.4546,-8.000,1073.527,1043.886,14.821,26.086
123.5610,-6.000,1075.501,1030.876,22.313,30.782
123.6561,-5.000,1071.568,1041.627,14.970,22.043
123.7632,-5.000,1068.185,1065.805,1.190,8.266
123.8593,-5.000,1071.854,1079.814,-3.980,3.100
123.9578,-5.000,1077.425,1089.267,-5.921,1.162
124.0553,-5.000,1083.081,1096.382,-6.651,0.436
124.1523,-5.000,1088.233,1102.086,-6.927,0.163
124.2587,-5.000,1092.740,1106.805,-7.032,0.061
124.3560,-5.000,1096.620,1110.769,-7.074,0.023
124.4525,-5.000,1099.936,1114.120,-7.092,0.009
124.5610,-5.000,1102.760,1116.962,-7.101,0.003
124.6573,-6.000,1085.162,1123.177,-19.007,-10.499
124.7532,-5.000,1099.382,1100.481,-0.549,6.563
124.8616,-5.000,1099.175,1108.484,-4.654,2.461
124.9553,-4.000,1105.947,1094.538,5.705,11.423
125.0604,-4.000,1103.256,1106.131,-1.438,4.284
125.1558,-5.000,1084.359,1116.395,-16.018,-8.894
125.2615,-6.000,1073.744,1118.472,-22.364,-13.835
125.3582,-8.000,1046.257,1121.302,-37.523,-26.188
125.4518,-9.000,1047.139,1113.261,-33.061,-20.321
125.5577,-11.000,1024.289,1112.626,-44.169,-28.620
125.6518,-12.000,987.239,1099.784,-56.273,-29.626
125.7594,-12.000,983.375,1068.600,-42.612,-15.953
125.8542,-12.000,972.010,1042.535,-35.263,-8.590
125.9600,-11.000,965.450,995.240,-14.895,9.590
126.0549,-11.000,941.804,980.470,-19.333,5.164
126.1619,-9.000,937.695,915.486,11.104,31.211
126.2609,-9.000,905.096,911.717,-3.311,16.806
126.3559,-8.000,887.269,876.591,5.339,23.265
126.4625,-7.000,866.915,844.896,11.009,26.743
126.5578,-7.000,836.124,838.806,-1.341,14.400
126.6535,-6.000,819.192,802.349,8.422,21.969
126.7613,-5.000,799.253,769.869,14.692,26.045
126.8574,-5.000,768.628,763.297,2.666,14.024
126.9518,-4.000,758.105,732.897,12.604,21.767
127.0578,-4.000,754.395,749.289,2.553,11.721
127.1544,-4.000,754.371,760.093,-2.861,6.311
127.2515,-4.000,756.036,767.591,-5.778,3.398
127.3579,-4.000,758.357,773.059,-7.351,1.830
127.4550,-3.000,770.035,753.601,8.217,15.201
127.5524,-3.000,767.209,764.814,1.198,8.185
127.6523,-2.000,776.209,748.543,13.833,18.623
127.7587,-1.000,781.238,737.934,21.652,24.243
127.8569,-1.000,775.177,754.252,10.462,13.054
127.9542,-1.000,773.510,764.637,4.436,7.029
128.0531,0.000,783.186,747.971,17.608,18.000
128.1593,0.000,779.408,760.809,9.300,9.692
128.2549,0.000,778.785,769.132,4.826,5.219
128.3604,-1.000,755.432,783.430,-13.999,-11.405
128.4558,-1.000,764.346,781.819,-8.736,-6.141
128.5524,-1.000,770.284,782.089,-5.903,-3.307
128.6588,-1.000,774.447,783.203,-4.378,-1.781
128.7573,-2.000,753.294,793.241,-19.973,-15.174
128.8526,-2.000,763.071,789.016,-12.972,-8.171
128.9598,-3.000,744.984,796.223,-25.620,-18.615
129.0558,-3.000,756.448,790.511,-17.032,-10.023
129.1520,-4.000,739.298,796.949,-28.825,-19.613
129.2594,-4.000,751.294,790.849,-19.778,-10.561
129.3562,-5.000,734.453,797.101,-31.324,-19.902
129.4541,-6.000,722.416,799.538,-38.561,-24.932
129.5601,-6.000,737.336,791.457,-27.060,-13.425
129.6549,-6.000,746.432,788.174,-20.871,-7.229
129.7601,-6.000,752.233,787.315,-17.541,-3.892
129.8548,-6.000,756.123,787.626,-15.751,-2.096
129.9505,-6.000,758.869,788.450,-14.791,-1.129
130.0549,-7.000,736.684,798.070,-30.693,-14.823
130.1601,-7.000,745.678,793.396,-23.859,-7.982
130.2553,-8.000,726.973,800.172,-36.599,-18.513
130.3503,-9.000,713.723,802.683,-44.480,-24.184
130.4574,-10.000,703.594,803.083,-49.745,-27.238
130.5528,-11.000,695.303,802.505,-53.601,-28.882
130.6601,-13.000,663.919,810.151,-73.116,-43.982
130.7571,-14.000,664.899,803.393,-69.247,-37.898
130.8516,-16.000,638.986,808.194,-84.604,-48.838
130.9559,-17.000,643.320,800.316,-78.498,-40.513
131.0498,-18.000,643.777,796.247,-76.235,-36.030
131.1565,-20.000,617.918,802.835,-92.458,-47.831
131.2598,-21.000,622.565,796.207,-86.821,-39.971
131.3539,-23.000,599.216,801.673,-101.229,-49.953
131.4582,-25.000,581.240,803.248,-111.004,-55.329
131.5579,-26.000,590.591,794.357,-101.883,-44.008
131.6561,-28.000,570.166,798.972,-114.403,-52.127
131.7515,-29.000,578.291,791.809,-106.759,-42.284
131.8506,-31.000,557.284,797.433,-120.074,-51.199
131.9564,-33.000,540.946,799.496,-129.275,-55.999
132.0559,-34.000,551.510,791.199,-119.844,-44.369
132.1529,-35.000,556.236,787.799,-115.782,-38.106
132.2500,-37.000,533.456,795.506,-131.025,-48.950
132.3570,-37.000,564.642,781.508,-108.433,-26.357
132.4531,-38.000,559.897,785.264,-112.683,-28.408
132.5593,-39.000,555.872,787.847,-115.987,-29.512
132.6560,-40.000,552.165,789.729,-118.782,-30.106
132.7515,-40.000,572.785,782.558,-104.887,-16.211
132.8568,-40.000,585.982,780.791,-97.404,-8.729
132.9500,-41.000,570.654,790.236,-109.791,-18.916
133.0543,-41.000,584.384,786.505,-101.061,-10.185
133.1497,-41.000,593.334,786.054,-96.360,-5.484
133.2572,-40.000,608.693,763.520,-77.413,11.262
133.3539,-40.000,607.946,773.168,-82.611,6.064
133.4517,-41.000,584.714,788.365,-101.825,-10.950
133.5593,-41.000,593.853,787.397,-96.772,-5.896
133.6552,-41.000,600.047,788.148,-94.050,-3.175
133.7534,-41.000,604.464,789.634,-92.585,-1.710
133.8497,-41.000,607.762,791.354,-91.796,-0.921
133.9588,-42.000,586.104,801.677,-107.786,-14.711
134.0562,-42.000,595.577,797.570,-100.997,-7.921
134.1545,-42.000,601.513,796.194,-97.341,-4.265
134.2512,-42.000,605.420,796.164,-95.372,-2.297
134.3548,-41.000,617.343,773.136,-77.897,12.979
134.4511,-41.000,614.133,781.907,-83.887,6.989
134.5589,-40.000,622.486,763.880,-70.697,17.978
134.6574,-40.000,617.577,775.567,-78.995,9.681
134.7534,-40.000,615.990,782.915,-83.463,5.213
134.8498,-39.000,625.248,764.154,-69.453,17.022
134.9545,-38.000,630.068,751.856,-60.894,23.381
135.0498,-38.000,623.599,766.970,-71.686,12.590
135.1573,-38.000,621.462,776.454,-77.496,6.779
135.2574,-38.000,621.455,782.706,-80.625,3.650
135.3529,-39.000,598.209,795.660,-98.725,-12.250
135.4584,-39.000,606.989,793.132,-93.071,-6.596
135.5541,-38.000,621.906,769.130,-73.612,10.664
135.6513,-37.000,629.839,754.075,-62.118,19.957
135.7585,-37.000,625.100,767.759,-71.329,10.746
135.8547,-36.000,633.158,752.905,-59.874,20.002
135.9507,-36.000,628.538,766.748,-69.105,10.770
136.0573,-35.000,636.702,752.023,-57.661,20.015
136.1540,-35.000,632.176,765.973,-66.898,10.777
136.2512,-36.000,606.992,783.567,-88.288,-8.412
136.3583,-37.000,590.934,792.575,-100.820,-18.745
136.4543,-37.000,604.088,788.426,-92.169,-10.094
136.5520,-38.000,588.359,796.211,-103.926,-19.650
136.6482,-38.000,601.552,791.265,-94.856,-10.581
136.7551,-38.000,609.941,789.886,-89.973,-5.697
136.8508,-38.000,615.550,790.236,-87.343,-3.068
136.9479,-38.000,619.498,791.353,-85.927,-1.652
137.0528,-37.000,631.628,769.127,-68.750,13.326
137.1574,-37.000,628.687,778.487,-74.900,7.175
137.2545,-38.000,603.889,793.143,-94.627,-10.352
137.3513,-39.000,587.640,800.169,-106.265,-19.789
137.4573,-39.000,600.354,794.616,-97.131,-10.656
137.5536,-40.000,584.100,801.357,-108.629,-19.953
137.6496,-40.000,596.766,795.605,-99.419,-10.744
137.7482,-40.000,604.664,793.585,-94.461,-5.785
137.8561,-40.000,609.831,793.412,-91.791,-3.115
137.9547,-40.000,613.392,794.098,-90.353,-1.677
138.0499,-40.000,615.971,795.128,-89.579,-0.903
138.1487,-40.000,617.922,796.245,-89.162,-0.486
138.2549,-39.000,628.665,773.709,-72.522,13.954
138.3522,-40.000,600.498,791.253,-95.377,-6.702
138.4486,-41.000,582.361,799.760,-108.700,-17.824
138.5558,-41.000,593.995,794.941,-100.473,-9.598
138.6550,-40.000,610.536,769.792,-79.628,9.047
138.7502,-39.000,619.417,754.194,-67.388,19.087
138.8554,-38.000,624.469,744.033,-59.782,24.493
138.9498,-38.000,618.493,760.667,-71.087,13.189
139.0556,-37.000,626.151,747.668,-60.758,21.317
139.1497,-36.000,630.757,739.121,-54.182,25.694
139.2547,-36.000,624.724,756.805,-66.040,13.835
139.3521,-36.000,623.290,768.142,-72.426,7.450
139.4475,-35.000,633.276,752.174,-59.449,18.227
139.5549,-33.000,648.252,718.313,-35.030,38.245
139.6527,-32.000,646.790,719.323,-36.266,34.809
139.7489,-31.000,647.248,719.081,-35.917,32.959
139.8541,-31.000,639.628,741.884,-51.128,17.747
139.9487,-32.000,613.674,765.144,-75.735,-4.659
140.0563,-33.000,597.964,777.964,-90.000,-16.724
140.1526,-35.000,563.524,793.747,-115.112,-37.436
140.2495,-36.000,563.658,792.155,-114.249,-34.373
140.3580,-36.000,586.403,783.171,-98.384,-18.509
140.4549,-36.000,600.794,780.477,-89.842,-9.966
140.5506,-37.000,586.149,789.463,-101.657,-19.582
140.6469,-37.000,600.282,785.521,-92.619,-10.544
140.7550,-38.000,585.264,793.601,-104.168,-19.893
140.8501,-39.000,574.782,797.586,-111.402,-24.927
140.9556,-39.000,591.025,790.820,-99.898,-13.422
141.0499,-40.000,577.033,797.269,-110.118,-21.443
141.1558,-39.000,600.438,768.050,-83.806,2.669
141.2515,-38.000,613.451,750.697,-68.623,15.653
141.3482,-37.000,621.098,739.961,-59.432,22.644
141.4549,-36.000,626.049,732.983,-53.467,26.408
141.5532,-36.000,620.499,751.811,-65.656,14.220
141.6497,-36.000,619.579,764.017,-72.219,7.657
141.7562,-36.000,620.842,772.347,-75.753,4.123
141.8557,-37.000,598.801,786.943,-94.071,-11.995
141.9507,-38.000,584.458,794.357,-104.950,-20.674
142.0481,-39.000,574.339,797.986,-111.823,-25.348
142.1471,-39.000,590.780,791.029,-100.124,-13.649
142.2563,-40.000,576.895,797.375,-110.240,-21.565
142.3549,-40.000,591.144,791.718,-100.287,-11.612
142.4533,-40.000,600.155,790.011,-94.928,-6.252
142.5493,-40.000,606.145,790.229,-92.042,-3.367
142.6475,-40.000,610.337,791.313,-90.488,-1.813
142.7537,-40.000,613.416,792.719,-89.652,-0.976
142.8520,-39.000,624.988,770.559,-72.786,13.690
142.9483,-39.000,621.670,779.878,-79.104,7.371
143.0544,-39.000,620.818,785.830,-82.506,3.969
143.1528,-39.000,621.154,789.830,-84.338,2.137
143.2500,-39.000,622.010,792.659,-85.325,1.151
143.3558,-39.000,623.045,794.756,-85.856,0.620
143.4532,-38.000,633.305,772.758,-69.726,14.549
143.5488,-38.000,629.102,781.985,-76.441,7.834
143.6458,-38.000,627.621,787.735,-80.057,4.218
143.7526,-38.000,627.489,791.497,-82.004,2.271
143.8511,-38.000,627.983,794.087,-83.052,1.223
143.9486,-38.000,628.729,795.963,-83.617,0.659
144.0457,-38.000,629.540,797.381,-83.921,0.355
144.1550,-39.000,606.108,807.108,-100.500,-14.024
144.2527,-39.000,614.256,802.310,-94.027,-7.552
144.3504,-38.000,628.381,776.633,-74.126,10.149
144.4475,-38.000,626.287,783.908,-78.810,5.465
144.5545,-38.000,625.966,788.632,-81.333,2.943
144.6524,-38.000,626.479,791.861,-82.691,1.585
144.7481,-38.000,627.339,794.183,-83.422,0.853
144.8550,-38.000,628.297,795.929,-83.816,0.459
144.9520,-38.000,629.235,797.291,-84.028,0.247
145.0470,-37.000,639.313,774.766,-67.727,14.349
145.1512,-36.000,644.116,759.984,-57.934,21.942
145.2455,-35.000,646.463,749.754,-51.645,26.030
145.3510,-35.000,638.599,765.918,-63.659,14.016
145.4447,-35.000,635.658,775.914,-70.128,7.547
145.5515,-35.000,635.173,782.396,-73.612,4.064
145.6478,-35.000,635.846,786.820,-75.487,2.188
145.7444,-36.000,612.787,798.612,-92.913,-13.037
145.8528,-36.000,621.516,795.306,-86.895,-7.020
145.9484,-36.000,627.060,794.371,-83.655,-3.780
146.0449,-37.000,606.548,803.201,-98.326,-16.251
146.1533,-38.000,592.368,806.851,-107.241,-22.966
146.2487,-39.000,581.778,807.892,-113.057,-26.582
146.3450,-40.000,573.272,807.680,-117.204,-28.529
146.4535,-41.000,566.018,806.923,-120.452,-29.577
146.5520,-42.000,559.550,805.983,-123.217,-30.141
146.6494,-42.000,577.812,796.423,-109.305,-16.230
146.7472,-42.000,589.002,792.631,-101.815,-8.739
146.8458,-41.000,605.394,768.126,-81.366,9.510
146.9525,-40.000,614.273,752.952,-69.339,19.336
147.0471,-40.000,610.173,766.701,-78.264,10.412
147.1545,-39.000,618.684,751.991,-66.654,19.822
147.2517,-38.000,623.617,742.390,-59.387,24.889
147.3474,-37.000,626.861,735.778,-54.458,27.617
147.4523,-36.000,629.398,730.977,-50.789,29.086
147.5483,-35.000,631.727,727.324,-47.798,29.877
147.6455,-33.000,643.306,700.820,-28.757,44.518
147.7531,-32.000,640.631,706.409,-32.889,38.187
147.8490,-32.000,631.745,732.772,-50.513,20.562
147.9469,-31.000,638.898,726.074,-43.588,25.287
148.0440,-31.000,634.920,745.438,-55.259,13.616
148.1528,-31.000,635.175,758.262,-61.544,7.332
148.2512,-32.000,613.134,775.820,-81.343,-10.267
148.3477,-32.000,623.468,776.676,-76.604,-5.529
148.4438,-32.000,630.775,778.880,-74.052,-2.977
148.5510,-31.000,645.407,757.933,-56.263,12.612
148.6467,-31.000,644.401,768.570,-62.084,6.791
148.7453,-31.000,645.360,775.798,-65.219,3.657
148.8505,-30.000,656.368,757.349,-50.491,16.184
148.9463,-30.000,653.235,769.157,-57.961,8.715
149.0434,-30.000,652.900,776.866,-61.983,4.693
149.1510,-30.000,653.868,782.165,-64.149,2.527
149.2477,-31.000,631.150,794.611,-81.730,-12.855
149.3448,-32.000,616.002,800.427,-92.213,-21.137
149.4512,-33.000,605.077,802.821,-98.872,-25.597
149.5503,-34.000,596.549,803.497,-103.474,-27.998
149.6457,-36.000,565.204,811.968,-123.382,-43.507
149.7448,-38.000,542.131,814.397,-136.133,-51.858
149.8531,-39.000,548.077,805.305,-128.614,-42.139
149.9474,-41.000,525.257,809.250,-141.996,-51.121
150.0453,-42.000,531.614,801.249,-134.817,-41.742
150.1434,-43.000,533.466,797.401,-131.967,-36.692
150.2492,-43.000,557.052,787.117,-115.033,-19.757
150.3460,-43.000,571.824,783.652,-105.914,-10.638
150.4516,-43.000,581.540,783.548,-101.004,-5.728
150.5453,-43.000,588.269,784.988,-98.360,-3.085
150.6513,-43.000,593.164,787.037,-96.936,-1.661
150.7462,-43.000,596.882,789.222,-96.170,-0.894
150.8443,-43.000,599.803,791.317,-95.757,-0.482
150.9534,-43.000,602.158,793.227,-95.535,-0.259
151.0515,-43.000,604.090,794.920,-95.415,-0.140
151.1495,-43.000,605.695,796.396,-95.351,-0.075
151.2458,-43.000,607.039,797.671,-95.316,-0.040
151.3427,-43.000,608.171,798.765,-95.297,-0.022
151.4487,-44.000,584.912,808.317,-111.703,-14.227
151.5470,-44.000,593.152,803.425,-105.136,-7.661
151.6442,-44.000,598.111,801.312,-101.600,-4.125
151.7483,-43.000,610.440,777.002,-83.281,11.994
151.8467,-43.000,607.312,784.946,-88.817,6.458
151.9443,-43.000,606.378,789.974,-91.798,3.478
152.0525,-42.000,615.729,769.703,-76.987,16.088
152.1494,-42.000,611.162,779.988,-84.413,8.663
152.2447,-41.000,618.810,762.800,-71.995,18.880
152.3500,-40.000,622.757,751.344,-64.294,24.382
152.4459,-40.000,615.812,766.906,-75.547,13.129
152.5420,-39.000,622.631,753.013,-65.191,21.285
152.6498,-39.000,617.300,767.329,-75.014,11.461
152.7446,-39.000,615.830,776.438,-80.304,6.171
152.8499,-39.000,616.228,782.532,-83.152,3.323
152.9446,-38.000,626.669,763.210,-68.271,16.005
153.0419,-38.000,623.007,774.322,-75.657,8.618
153.1530,-38.000,622.196,781.466,-79.635,4.640
153.2491,-38.000,622.746,786.300,-81.777,2.499
153.3475,-38.000,623.881,789.741,-82.930,1.345
153.4452,-39.000,600.989,800.922,-99.966,-13.491
153.5424,-40.000,585.523,805.834,-110.155,-21.480
153.6494,-41.000,574.236,807.550,-116.657,-25.781
153.7477,-42.000,565.352,807.698,-121.173,-28.098
153.8453,-43.000,557.893,807.133,-124.620,-29.345
153.9426,-44.000,551.310,806.294,-127.492,-30.016
154.0502,-45.000,545.295,805.402,-130.054,-30.378
154.1481,-45.000,563.879,795.945,-116.033,-16.357
154.2458,-45.000,575.309,792.275,-108.483,-8.808
154.3426,-45.000,582.671,791.507,-104.418,-4.743
154.4417,-45.000,587.663,792.121,-102.229,-2.554
154.5466,-45.000,591.224,793.325,-101.050,-1.375
154.6517,-45.000,593.884,794.716,-100.416,-0.740
154.7478,-45.000,595.947,796.095,-100.074,-0.399
154.8447,-45.000,597.594,797.374,-99.890,-0.215
154.9512,-45.000,598.937,798.519,-99.791,-0.116
155.0488,-45.000,600.047,799.523,-99.738,-0.062
155.1455,-46.000,576.759,809.008,-116.124,-14.249
155.2513,-46.000,584.969,804.065,-109.548,-7.672
155.3450,-47.000,565.684,810.528,-122.422,-18.347
155.4515,-48.000,551.987,812.726,-130.370,-24.094
155.5490,-48.000,565.720,804.219,-119.249,-12.974
155.6478,-49.000,549.713,809.067,-129.677,-21.201
155.7443,-49.000,562.256,802.039,-119.892,-11.416
155.8421,-49.000,569.870,799.115,-114.623,-6.147
155.9497,-50.000,550.484,806.885,-128.201,-17.525
156.0455,-50.000,561.136,801.360,-120.112,-9.437
156.1434,-50.000,567.671,799.184,-115.757,-5.081
156.2408,-51.000,547.653,807.306,-129.827,-16.951
156.3455,-51.000,557.921,801.927,-122.003,-9.128
156.4504,-52.000,539.996,808.407,-134.206,-19.130
156.5465,-52.000,551.461,802.214,-125.376,-10.301
156.6429,-52.000,558.456,799.700,-120.622,-5.547
156.7409,-52.000,562.921,799.045,-118.062,-2.987
156.8487,-52.000,565.918,799.285,-116.684,-1.608
156.9441,-51.000,577.252,776.304,-99.526,13.349
157.0418,-51.000,573.640,785.015,-105.687,7.188
157.1492,-50.000,581.705,766.884,-92.589,18.086
157.2452,-50.000,576.580,778.454,-100.937,9.739
157.3430,-49.000,584.039,762.072,-89.016,19.459
157.4400,-48.000,587.982,751.145,-81.582,24.693
157.5461,-46.000,599.547,719.843,-60.148,41.727
157.6428,-45.000,596.116,722.099,-62.992,36.684
157.7499,-43.000,604.616,698.799,-47.092,48.184
157.8472,-40.000,618.733,658.902,-20.084,68.591
157.9445,-38.000,617.050,654.872,-18.911,65.364
158.0426,-36.000,617.885,650.382,-16.248,63.627
158.1483,-34.000,620.396,645.964,-12.784,62.691
158.2434,-32.000,624.081,641.857,-8.888,62.188
158.3485,-31.000,619.416,661.764,-21.174,47.701
158.4437,-32.000,587.162,706.373,-59.606,11.470
158.5421,-34.000,546.189,741.649,-97.730,-22.255
158.6486,-35.000,544.823,752.572,-103.874,-26.199
158.7461,-33.000,586.908,704.811,-58.952,14.324
158.8436,-31.000,611.315,676.778,-32.732,36.144
158.9417,-29.000,626.523,659.689,-16.583,47.893
159.0498,-27.000,637.050,648.763,-5.856,54.219
159.1480,-25.000,645.287,641.386,1.950,57.626
159.2458,-23.000,652.462,636.143,8.159,59.460
159.3403,-22.000,650.031,655.816,-2.893,46.232
159.4469,-20.000,661.929,644.773,8.578,53.325
159.5435,-18.000,671.092,637.537,16.778,57.144
159.6427,-16.000,678.950,632.517,23.216,59.201
159.7403,-14.000,701.896,655.714,23.091,43.200
159.8491,-13.000,718.317,702.353,7.982,26.700
159.9482,-12.000,744.742,738.369,3.186,20.513
160.0435,-11.000,774.770,770.254,2.258,18.192
160.1409,-10.000,806.026,800.465,2.781,17.322
160.2479,-9.000,837.637,829.940,3.848,16.996
160.3456,-9.000,864.289,877.850,-6.780,6.373
160.4423,-8.000,900.809,898.548,1.131,12.890
160.5395,-8.000,928.384,942.247,-6.931,4.834
160.6436,-7.000,964.470,960.584,1.943,12.313
160.7484,-7.000,991.219,1002.734,-5.757,4.617
160.8428,-5.000,1031.431,1001.124,15.153,22.731
160.9403,-3.000,1062.448,1012.960,24.744,29.524
161.0483,1.000,1093.462,985.678,53.892,53.072
161.1468,4.000,1087.047,974.197,56.425,51.402
161.2435,7.000,1081.220,961.212,60.004,50.776
161.3427,10.000,1075.397,947.445,63.976,50.541
161.4407,12.000,1065.592,953.199,56.196,39.953
161.5476,14.000,1061.509,951.438,55.036,35.982
161.6441,15.000,1055.347,966.433,44.457,23.993
161.7409,15.000,1051.616,992.672,29.472,8.998
161.8386,15.000,1055.569,1007.851,23.859,3.374
161.9464,15.000,1061.601,1018.080,21.761,1.265
162.0443,14.000,1048.932,1030.773,9.080,-10.026
162.1428,13.000,1043.916,1037.007,3.455,-14.260
162.2409,13.000,1060.856,1036.104,12.376,-5.347
162.3390,11.000,1033.421,1049.570,-8.074,-23.005
162.4488,10.000,1038.070,1049.248,-5.589,-19.127
162.5455,9.000,1040.569,1051.626,-5.528,-17.673
162.6420,8.000,1042.393,1055.148,-6.377,-17.127
162.7488,6.000,1025.274,1064.211,-19.469,-27.423
162.8440,5.000,1035.192,1063.644,-14.226,-20.784
162.9479,4.000,1040.860,1067.126,-13.133,-18.294
163.0415,3.000,1044.884,1072.079,-13.598,-17.360
163.1453,1.000,1029.450,1082.544,-26.547,-27.510
163.2412,1.000,1059.532,1078.237,-9.352,-10.316
163.3461,0.000,1058.135,1087.744,-14.805,-14.369
163.4441,0.000,1078.062,1089.710,-5.824,-5.388
163.5410,0.000,1090.734,1095.647,-2.457,-2.021
163.6398,-1.000,1079.905,1106.094,-13.095,-11.258
163.7473,-1.000,1094.278,1106.396,-6.059,-4.222
163.8455,-2.000,1083.152,1113.796,-15.322,-12.083
163.9437,-2.000,1096.619,1112.162,-7.771,-4.531
164.0390,-3.000,1084.478,1118.161,-16.842,-12.199
164.1443,-3.000,1096.990,1115.428,-9.219,-4.575
164.2410,-4.000,1084.002,1120.528,-18.263,-12.216
164.3394,-4.000,1095.782,1117.044,-10.631,-4.581
164.4482,-4.000,1102.168,1117.709,-7.771,-1.718
164.5425,-5.000,1086.235,1123.436,-18.601,-11.144
164.6373,-5.000,1096.358,1119.636,-11.639,-4.179
164.7424,-4.000,1106.655,1100.915,2.870,8.933
164.8375,-4.000,1104.989,1110.421,-2.716,3.350
164.9416,-4.000,1106.225,1115.849,-4.812,1.256
165.0454,-4.000,1108.269,1119.469,-5.600,0.471
165.1388,-3.000,1115.379,1103.372,6.003,10.677
165.2443,-4.000,1092.385,1117.529,-12.572,-6.496
165.3381,-4.000,1100.186,1117.216,-8.515,-2.436
165.4429,-4.000,1104.888,1118.878,-6.995,-0.914
165.5470,-5.000,1088.161,1124.816,-18.328,-10.843
165.6411,-6.000,1077.847,1124.758,-23.455,-14.566
165.7468,-6.000,1090.039,1118.750,-14.356,-5.462
165.8414,-7.000,1076.076,1121.770,-22.847,-12.548
165.9468,-8.000,1066.762,1120.582,-26.910,-15.206
166.0448,-8.000,1079.297,1114.120,-17.412,-5.702
166.1405,-9.000,1065.436,1116.944,-25.754,-12.638
166.2380,-9.000,1076.137,1111.860,-17.862,-4.739
166.3462,-10.000,1061.480,1115.093,-26.806,-12.277
166.4445,-11.000,1051.790,1113.872,-31.041,-15.104
166.5387,-11.000,1064.085,1107.302,-21.609,-5.664
166.6445,-11.000,1070.051,1106.204,-18.076,-2.124
166.7389,-10.000,1078.440,1088.151,-4.856,9.704
166.8440,-9.000,1080.762,1078.816,0.973,14.139
166.9406,-8.000,1081.439,1073.377,4.031,15.802
167.0469,-8.000,1077.033,1088.735,-5.851,5.926
167.1430,-7.000,1082.980,1078.299,2.340,12.722
167.2411,-7.000,1080.615,1091.846,-5.616,4.771
167.3378,-7.000,1082.381,1099.586,-8.602,1.789
167.4443,-7.000,1085.298,1104.749,-9.726,0.671
167.5393,-6.000,1093.308,1089.806,1.751,10.752
167.6463,-5.000,1096.139,1082.284,6.928,14.532
167.7432,-5.000,1092.559,1096.875,-2.158,5.449
167.8401,-6.000,1073.829,1108.765,-17.468,-8.456
167.9461,-7.000,1063.702,1111.878,-24.088,-13.671
168.0423,-7.000,1076.761,1107.857,-15.548,-5.127
168.1400,-8.000,1063.800,1112.300,-24.250,-12.423
168.2472,-8.000,1075.439,1108.421,-16.491,-4.658
168.3443,-9.000,1061.642,1112.614,-25.486,-12.247
168.4413,-7.000,1082.710,1070.783,5.963,16.407
168.5388,-7.000,1078.626,1087.218,-4.296,6.153
168.6467,-6.000,1085.025,1077.517,3.754,12.807
168.7430,-5.000,1088.114,1072.822,7.646,15.303
180.6276,-5.000,-36.140,82.867,-59.503,-52.500
180.6382,-5.000,19.449,72.838,-26.694,-19.688
180.7351,-5.000,54.933,83.720,-14.393,-7.383
180.8323,-4.000,89.566,85.330,2.118,7.731
180.9391,-4.000,109.958,115.391,-2.717,2.899
181.0361,-4.000,133.405,142.469,-4.532,1.087
181.1330,-4.000,158.016,168.443,-5.214,0.408
181.2407,-4.000,183.076,194.020,-5.472,0.153
181.3399,-4.000,208.318,219.458,-5.570,0.057
181.4371,-3.000,238.639,226.055,6.292,10.522
181.5346,-3.000,259.071,259.643,-0.286,3.946
181.6320,-3.000,283.381,288.889,-2.754,1.480
181.7367,-2.000,314.036,297.597,8.220,11.055
181.8322,-2.000,335.174,332.556,1.309,4.146
181.9421,-1.000,365.244,344.009,10.617,12.055
182.0378,-1.000,386.676,380.510,3.083,4.520
182.1320,0.000,417.292,392.977,12.157,12.195
182.2411,0.000,439.300,430.229,4.535,4.573
182.3374,0.000,465.447,462.092,1.677,1.715
182.4346,1.000,496.650,471.638,12.506,11.143
182.5414,1.000,518.324,507.239,5.542,4.179
182.6381,1.000,543.874,538.012,2.931,1.567
182.7353,2.000,574.454,546.747,13.853,11.088
182.8411,2.000,595.554,581.704,6.925,4.158
182.9367,2.000,620.600,611.945,4.328,1.559
183.0334,2.000,646.944,640.235,3.355,0.585
183.1414,1.000,654.819,672.639,-8.910,-10.281
183.2378,1.000,689.683,694.651,-2.484,-3.855
183.3354,0.000,701.284,725.233,-11.974,-11.946
183.4324,0.000,737.998,747.015,-4.508,-4.480
183.5400,-1.000,749.478,776.696,-13.609,-12.180
183.6362,-2.000,765.902,801.698,-17.898,-15.067
183.7333,-3.000,784.243,825.009,-20.383,-16.150
183.8420,-5.000,783.355,851.541,-34.093,-27.056
183.9394,-7.000,789.979,871.953,-40.987,-31.146
184.0383,-8.000,819.749,886.603,-33.427,-22.180
184.1344,-9.000,843.804,906.745,-31.471,-18.817
184.2317,-10.000,865.661,928.895,-31.617,-17.557
184.3384,-10.000,906.650,947.951,-20.651,-6.584
184.4345,-11.000,920.096,976.983,-28.444,-12.969
184.5395,-10.000,962.567,979.457,-8.445,5.637
184.6354,-10.000,989.459,1013.409,-11.975,2.114
184.7311,-6.000,1037.811,969.212,34.300,42.793
184.8360,-3.000,1061.650,975.146,43.252,47.547
184.9319,-2.000,1075.904,1025.037,25.434,28.330
185.0401,1.000,1085.116,998.260,43.428,42.124
185.1394,3.000,1081.425,999.619,40.903,36.796
185.2350,4.000,1076.239,1016.624,29.808,24.299
185.3409,6.000,1081.179,1004.329,38.425,30.112
185.4359,11.000,1093.241,935.015,79.113,63.792
185.5317,14.000,1077.949,928.044,74.953,55.422
185.6390,11.000,999.956,990.713,4.622,-10.717
185.7372,9.000,985.048,1009.996,-12.474,-25.019
185.8321,10.000,1021.351,991.211,15.070,1.118
185.9400,11.000,1039.405,986.848,26.279,10.919
186.0379,11.000,1045.907,1006.983,19.462,4.095
186.1337,10.000,1035.875,1025.856,5.010,-8.964
186.2334,9.000,1033.942,1036.505,-1.281,-13.862
186.3305,8.000,1035.015,1044.039,-4.512,-15.698
186.4381,6.000,1018.389,1055.382,-18.497,-26.887
186.5360,4.000,1010.351,1061.330,-25.490,-31.083
186.6321,2.000,1006.290,1066.013,-29.862,-32.656
186.7390,-1.000,984.364,1074.669,-45.152,-43.746
186.8347,-3.000,988.563,1071.790,-41.613,-37.405
186.9318,-5.000,987.499,1071.576,-42.039,-35.027
187.0409,-7.000,983.843,1071.746,-43.952,-34.135
187.1357,-9.000,978.689,1071.536,-46.424,-33.801
187.2320,-10.000,992.528,1066.939,-37.205,-23.175
187.3377,-11.000,998.432,1067.689,-34.629,-19.191
187.4334,-12.000,1000.746,1069.832,-34.543,-17.697
187.5304,-12.000,1021.192,1068.174,-23.491,-6.636
187.6380,-13.000,1013.316,1075.821,-31.252,-12.989
187.7350,-12.000,1033.828,1056.313,-11.243,5.629
187.8323,-11.000,1043.229,1048.966,-2.869,12.611
187.9296,-10.000,1048.713,1046.428,1.142,15.229
188.0367,-9.000,1052.940,1045.904,3.518,16.211
188.1332,-9.000,1051.876,1065.117,-6.620,6.079
188.2396,-8.000,1060.784,1057.835,1.475,12.780
188.3368,-8.000,1060.982,1074.019,-6.518,4.792
188.4348,-8.000,1064.944,1083.982,-9.519,1.797
188.5295,-8.000,1069.733,1091.029,-10.648,0.674
188.6380,-9.000,1054.336,1100.287,-22.975,-10.247
188.7369,-9.000,1065.625,1098.779,-16.577,-3.843
188.8345,-9.000,1072.178,1100.541,-14.182,-1.441
188.9306,-10.000,1056.605,1106.981,-25.188,-11.040
189.0375,-11.000,1010.542,1099.751,-44.604,-20.160
189.1343,-11.000,1000.866,1071.489,-35.312,-10.855
189.2299,-12.000,961.704,1055.164,-46.730,-20.061
189.3289,-12.000,951.048,1026.017,-37.485,-10.802
189.4377,-12.000,935.284,1000.309,-32.512,-5.816
189.5349,-12.000,916.510,976.192,-29.841,-3.132
189.6337,-11.000,905.110,929.095,-11.992,12.529
189.7306,-10.000,887.351,890.092,-1.370,20.962
189.8391,-9.000,866.439,855.718,5.360,25.502
189.9344,-8.000,844.059,824.065,9.997,27.947
190.0308,-7.000,821.084,794.073,13.505,29.264
190.1370,-6.000,797.955,765.139,16.408,29.973
190.2344,-6.000,765.669,760.534,2.567,16.139
190.3325,-5.000,754.297,731.240,11.528,22.906
190.4379,-5.000,750.171,748.268,0.951,12.334
190.5342,-4.000,759.172,735.833,11.670,20.857
190.6287,-4.000,755.583,751.505,2.039,11.231
190.7371,-3.000,764.746,738.211,13.268,20.263
190.8332,-3.000,761.135,753.311,3.912,10.911
190.9308,-4.000,736.763,771.849,-17.543,-8.340
191.0383,-5.000,721.412,781.641,-30.114,-18.706
191.1350,-5.000,735.177,778.150,-21.486,-10.073
191.2306,-6.000,719.971,786.490,-33.259,-19.639
191.3381,-7.000,709.394,790.630,-40.618,-24.790
191.4339,-7.000,725.592,783.961,-29.184,-13.349
191.5334,-7.000,735.795,781.857,-23.031,-7.188
191.6312,-6.000,751.764,758.374,-3.305,10.345
191.7292,-6.000,751.289,767.461,-8.086,5.570
191.8350,-6.000,752.371,773.699,-10.664,2.999
191.9322,-5.000,763.308,754.584,4.362,15.830
192.0294,-5.000,760.020,765.920,-2.950,8.524
192.1375,-6.000,735.285,781.897,-23.306,-9.625
192.2331,-6.000,743.499,781.239,-18.870,-5.183
192.3301,-6.000,749.095,782.064,-16.485,-2.791
192.4279,-6.000,753.106,783.512,-15.203,-1.503
192.5373,-5.000,765.329,761.529,1.900,13.406
192.6344,-5.000,762.488,771.074,-4.293,7.219
192.7309,-6.000,737.784,785.877,-24.046,-10.328
192.8287,-8.000,697.403,801.641,-52.119,-33.992
192.9344,-10.000,669.188,807.732,-69.272,-46.734
193.0305,-12.000,647.911,809.004,-80.546,-53.595
193.1274,-15.000,606.482,816.628,-105.073,-71.505
193.2354,-17.000,599.168,809.008,-104.920,-66.934
193.3309,-20.000,566.046,812.637,-123.296,-78.687
193.4281,-22.000,563.873,803.540,-119.833,-70.801
193.5349,-24.000,558.303,798.330,-120.013,-66.554
193.6330,-26.000,551.009,795.262,-122.127,-64.268
193.7292,-28.000,542.836,793.427,-125.295,-63.036
193.8374,-30.000,534.246,792.310,-129.032,-62.373
193.9332,-32.000,525.477,791.628,-133.075,-62.016
194.0314,-33.000,540.868,782.604,-120.868,-47.609
194.1278,-35.000,524.617,788.067,-131.725,-54.066
194.2347,-36.000,535.770,782.144,-123.187,-43.328
194.3324,-37.000,541.275,780.484,-119.605,-37.546
194.4290,-38.000,543.523,780.905,-118.691,-34.432
194.5367,-38.000,568.049,773.648,-102.799,-18.541
194.6341,-38.000,583.945,772.430,-94.242,-9.983
194.7314,-38.000,594.791,774.060,-89.635,-5.376
194.8284,-38.000,602.575,776.882,-87.153,-2.895
194.9360,-39.000,584.202,788.668,-102.233,-15.774
195.0345,-39.000,596.184,786.089,-94.953,-8.494
195.1316,-39.000,604.100,786.164,-91.032,-4.574
195.2295,-39.000,609.607,787.450,-88.922,-2.463
195.3270,-39.000,613.631,789.201,-87.785,-1.326
195.4327,-39.000,616.697,791.042,-87.173,-0.714
195.5313,-39.000,619.112,792.799,-86.843,-0.384
195.6281,-39.000,621.062,794.394,-86.666,-0.207
195.7353,-38.000,631.880,772.190,-70.155,14.104
195.8322,-38.000,628.032,781.361,-76.664,7.594
195.9287,-38.000,626.789,787.128,-80.170,4.089
196.0354,-38.000,626.824,790.938,-82.057,2.202
196.1324,-38.000,627.442,793.588,-83.073,1.186
196.2289,-38.000,628.284,795.525,-83.620,0.638
196.3272,-38.000,629.170,797.000,-83.915,0.344
196.4346,-38.000,630.015,798.162,-84.074,0.185
196.5294,-39.000,606.567,807.716,-100.575,-14.116
196.6275,-39.000,614.677,802.796,-94.060,-7.601
196.7365,-39.000,619.541,800.644,-90.552,-4.093
196.8344,-39.000,622.582,799.907,-88.663,-2.204
196.9304,-40.000,600.363,808.485,-104.061,-15.402
197.0364,-40.000,609.175,803.079,-96.952,-8.293
197.1314,-40.000,614.450,800.699,-93.125,-4.466
197.2298,-41.000,593.526,808.483,-107.479,-16.620
197.3267,-41.000,603.112,802.728,-99.808,-8.949
197.4329,-41.000,608.871,800.226,-95.678,-4.819
197.5285,-41.000,612.479,799.386,-93.454,-2.595
197.6285,-41.000,614.853,799.365,-92.256,-1.397
197.7370,-41.000,616.498,799.720,-91.611,-0.752
197.8340,-41.000,617.695,800.223,-91.264,-0.405
197.9312,-41.000,618.604,800.758,-91.077,-0.218
198.0274,-41.000,619.319,801.272,-90.976,-0.117
198.1358,-41.000,619.895,801.740,-90.922,-0.063
198.2343,-40.000,629.584,778.539,-74.478,14.181
198.3324,-40.000,624.795,786.841,-81.023,7.636
198.4294,-40.000,622.765,791.859,-84.547,4.112
198.5275,-40.000,622.136,795.026,-86.445,2.214
198.6333,-40.000,622.194,797.127,-87.467,1.192
198.7299,-40.000,622.561,798.595,-88.017,0.642
198.8343,-40.000,623.044,799.671,-88.313,0.346
198.9290,-41.000,599.332,809.108,-104.888,-14.029
199.0253,-40.000,616.456,780.451,-81.998,6.661
199.1329,-40.000,615.980,786.124,-85.072,3.587
199.2282,-40.000,616.533,789.988,-86.728,1.931
199.3262,-39.000,626.734,769.141,-71.204,15.255
199.4340,-39.000,622.669,779.158,-78.244,8.214
199.5306,-39.000,621.407,785.478,-82.036,4.423
199.6355,-38.000,630.731,766.054,-67.662,16.597
199.7305,-38.000,626.278,776.922,-75.322,8.937
199.8252,-37.000,634.095,760.158,-63.031,19.028
199.9297,-37.000,629.010,772.637,-71.813,10.246
200.0330,-37.000,627.424,780.508,-76.542,5.517
200.1265,-36.000,636.765,762.111,-62.673,17.186
200.2318,-35.000,641.699,750.078,-54.190,23.469
200.3261,-35.000,635.350,765.393,-65.022,12.637
200.4310,-34.000,642.543,751.421,-54.439,21.020
200.5253,-34.000,637.461,765.741,-64.140,11.319
200.6296,-34.000,636.163,774.891,-69.364,6.095
200.7262,-34.000,636.687,781.042,-72.177,3.282
200.8329,-34.000,638.009,785.393,-73.692,1.767
200.9310,-34.000,639.605,788.620,-74.507,0.951
201.0292,-34.000,641.215,791.108,-74.947,0.512
201.1322,-34.000,642.721,793.087,-75.183,0.276
201.2271,-33.000,653.290,771.079,-58.895,14.364
201.3333,-33.000,649.299,780.348,-65.524,7.734
201.4310,-33.000,647.972,786.160,-69.094,4.165
201.5271,-33.000,647.956,789.989,-71.016,2.243
201.6338,-33.000,648.541,792.644,-72.051,1.208
201.7307,-33.000,649.362,794.579,-72.609,0.650
201.8283,-34.000,626.017,804.665,-89.324,-13.865
201.9251,-34.000,634.281,800.131,-82.925,-7.466
202.0338,-35.000,615.097,806.886,-95.894,-18.235
202.1291,-36.000,601.516,809.303,-103.893,-24.034
202.2253,-37.000,591.148,809.580,-109.216,-27.157
202.3340,-38.000,582.678,808.873,-113.097,-28.838
202.4300,-39.000,575.373,807.778,-116.203,-29.744
202.5278,-40.000,568.815,806.596,-118.890,-30.231
202.6337,-40.000,586.979,796.853,-104.937,-16.278
202.7286,-40.000,598.071,792.919,-97.424,-8.765
202.8254,-40.000,605.158,791.916,-93.379,-4.720
202.9315,-40.000,609.922,792.323,-91.200,-2.541
203.0268,-40.000,613.293,793.348,-90.027,-1.368
203.1351,-40.000,615.793,794.585,-89.396,-0.737
203.2304,-40.000,617.721,795.833,-89.056,-0.397
203.3275,-40.000,619.254,796.999,-88.873,-0.214
203.4334,-40.000,620.500,798.048,-88.774,-0.115
203.5302,-40.000,621.528,798.970,-88.721,-0.062
203.6260,-40.000,622.386,799.770,-88.692,-0.033
203.7333,-41.000,598.890,809.075,-105.092,-14.233
203.8303,-42.000,582.713,812.590,-114.938,-21.879
203.9274,-43.000,570.715,813.226,-121.256,-25.997
204.0247,-43.000,585.384,803.898,-109.257,-13.998
204.1308,-43.000,594.115,799.708,-102.796,-7.537
204.2278,-43.000,599.523,798.158,-99.318,-4.059
204.3237,-43.000,603.037,797.925,-97.444,-2.185
204.4329,-43.000,605.439,798.311,-96.436,-1.177
204.5311,-43.000,607.168,798.953,-95.893,-0.634
204.6273,-43.000,608.467,799.668,-95.600,-0.341
204.7236,-42.000,618.696,776.751,-79.027,14.032
204.8300,-42.000,614.328,785.335,-85.503,7.556
204.9262,-43.000,588.417,799.229,-105.406,-10.147
205.0337,-43.000,595.493,796.939,-100.723,-5.464
205.1308,-43.000,600.049,796.451,-98.201,-2.942
205.2289,-41.000,621.566,749.591,-64.012,26.847
205.3264,-41.000,613.405,766.211,-76.403,14.456
205.4307,-40.000,619.544,752.863,-66.660,21.999
205.5266,-39.000,623.041,743.837,-60.398,26.061
205.6228,-38.000,625.379,737.400,-56.011,28.248
205.7296,-37.000,627.315,732.580,-52.633,29.426
205.8280,-36.000,629.223,728.820,-49.799,30.060
205.9250,-35.000,631.277,725.792,-47.257,30.402
206.0308,-35.000,624.332,746.910,-61.289,16.370
206.1269,-34.000,632.015,736.873,-52.429,23.030
206.2245,-35.000,603.670,762.617,-79.473,-1.815
206.3224,-36.000,586.687,776.790,-95.051,-15.192
206.4297,-37.000,575.789,784.699,-104.455,-22.396
206.5275,-38.000,568.140,789.207,-110.534,-26.275
206.6249,-38.000,586.432,783.246,-98.407,-14.148
206.7312,-37.000,607.418,758.341,-75.462,6.597
206.8278,-37.000,610.207,767.220,-78.507,3.552
206.9230,-37.000,613.527,773.819,-80.146,1.913
207.0286,-37.000,616.859,778.917,-81.029,1.030
207.1246,-37.000,619.967,782.976,-81.504,0.555
207.2329,-38.000,598.541,794.893,-98.176,-13.917
207.3318,-39.000,584.208,800.544,-108.168,-21.709
207.4294,-40.000,573.822,802.949,-114.564,-25.905
207.5269,-41.000,565.671,803.717,-119.023,-28.164
207.6233,-40.000,592.248,771.465,-89.609,-0.950
207.7319,-39.000,606.989,752.499,-72.755,13.704
207.8287,-38.000,615.584,740.913,-62.665,21.594
207.9255,-38.000,611.847,757.109,-72.631,11.628
208.0223,-39.000,587.559,776.386,-94.413,-7.954
208.1287,-40.000,572.386,786.700,-107.157,-18.498
208.2257,-41.000,562.143,792.213,-115.035,-24.176
208.3221,-42.000,554.575,795.160,-120.292,-27.233
208.4300,-43.000,548.465,796.742,-124.138,-28.879
208.5267,-41.000,585.801,741.758,-77.979,12.880
208.6268,-40.000,596.571,731.587,-67.508,21.151
208.7237,-38.000,612.994,701.872,-44.439,39.820
208.8307,-37.000,613.182,705.987,-46.402,35.657
208.9257,-35.000,624.485,684.542,-30.028,47.631
209.0218,-33.000,631.622,669.983,-19.181,54.078
209.1292,-32.000,627.724,683.173,-27.725,43.334
209.2276,-31.000,628.388,691.007,-31.310,37.549
209.3253,-31.000,622.169,719.449,-48.640,20.219
209.4237,-32.000,598.067,746.841,-74.387,-3.328
209.5302,-33.000,584.286,762.819,-89.266,-16.008
209.6259,-34.000,575.892,772.480,-98.294,-22.835
209.7314,-35.000,570.254,778.594,-104.170,-26.511
209.8283,-35.000,590.193,774.061,-91.934,-14.275
209.9250,-35.000,603.329,774.020,-85.346,-7.687
210.0224,-34.000,621.657,752.422,-65.382,10.076
210.1297,-35.000,598.901,771.798,-86.449,-8.790
210.2260,-37.000,560.591,791.036,-115.223,-33.164
210.3216,-37.000,582.792,782.624,-99.916,-17.857
210.4288,-37.000,596.894,780.242,-91.674,-9.615
210.5252,-36.000,615.528,757.170,-70.821,9.038
210.6212,-35.000,626.186,743.340,-58.577,19.082
210.7286,-35.000,623.531,758.299,-67.384,10.275
210.8254,-35.000,624.018,768.270,-72.126,5.533
210.9220,-35.000,625.909,775.268,-74.680,2.979
211.0313,-35.000,628.312,780.421,-76.055,1.604
211.1269,-36.000,606.567,792.989,-93.211,-13.352
211.2241,-35.000,625.545,766.810,-70.633,7.026
211.3218,-35.000,626.742,774.493,-73.876,3.783
211.4287,-34.000,637.985,756.397,-59.206,16.253
211.5255,-34.000,635.071,768.486,-66.708,8.751
211.6318,-34.000,634.932,776.425,-70.747,4.712
211.7284,-35.000,611.856,790.530,-89.337,-11.678
211.8266,-36.000,596.718,797.443,-100.362,-20.504
211.9262,-37.000,585.970,800.599,-107.315,-25.256
212.0217,-37.000,601.900,793.216,-95.658,-13.599
212.1214,-37.000,611.809,790.572,-89.382,-7.323
212.2305,-37.000,618.276,790.280,-86.002,-3.943
212.3276,-37.000,622.721,791.085,-84.182,-2.123
212.4244,-37.000,625.932,792.336,-83.202,-1.143
212.5218,-37.000,628.356,793.705,-82.674,-0.616
212.6269,-38.000,606.036,803.648,-98.806,-14.547
212.7219,-39.000,590.775,807.789,-108.507,-22.048
212.8293,-39.000,603.725,800.387,-98.331,-11.872
212.9264,-39.000,611.562,797.265,-92.852,-6.393
213.0253,-39.000,616.517,796.319,-89.901,-3.442
213.1217,-39.000,619.809,796.434,-88.312,-1.854
213.2294,-38.000,631.328,773.411,-71.042,13.217
213.3286,-38.000,627.839,782.122,-77.142,7.117
213.4249,-38.000,626.773,787.626,-80.427,3.832
213.5218,-39.000,602.675,799.897,-98.611,-12.152
213.6293,-39.000,610.757,796.762,-93.002,-6.543
213.7270,-39.000,615.880,795.844,-89.982,-3.523
213.8241,-39.000,619.293,796.005,-88.356,-1.897
213.9209,-39.000,621.687,796.648,-87.480,-1.022
214.0268,-38.000,632.665,773.853,-70.594,13.665
214.1237,-38.000,628.836,782.637,-76.901,7.358
214.2204,-38.000,627.546,788.139,-80.297,3.962
214.3279,-38.000,627.507,791.758,-82.125,2.133
214.4240,-38.000,628.044,794.264,-83.110,1.149
214.5223,-38.000,628.807,796.087,-83.640,0.619
214.6211,-39.000,605.405,806.087,-100.341,-13.882
214.7279,-40.000,589.401,810.100,-110.349,-21.690
214.8245,-40.000,601.816,802.493,-100.338,-11.679
214.9221,-40.000,609.250,799.145,-94.948,-6.289
215.0289,-40.000,613.889,797.979,-92.045,-3.386
215.1268,-39.000,626.143,774.277,-74.067,12.392
215.2239,-39.000,623.059,782.631,-79.786,6.673
215.3209,-38.000,631.434,764.335,-66.451,17.808
215.4257,-38.000,626.498,775.838,-74.670,9.589
215.5236,-38.000,624.864,783.055,-79.096,5.163
215.6216,-38.000,624.853,787.810,-81.479,2.780
215.7284,-38.000,625.586,791.110,-82.762,1.497
215.8253,-38.000,626.610,793.515,-83.453,0.806
215.9230,-38.000,627.694,795.344,-83.825,0.434
216.0204,-38.000,628.733,796.783,-84.025,0.234
216.1270,-39.000,605.462,806.559,-100.548,-14.090
216.2253,-39.000,613.730,801.821,-94.046,-7.587
216.3225,-39.000,618.731,799.819,-90.544,-4.085
216.4200,-39.000,621.892,799.209,-88.659,-2.200
216.5270,-39.000,623.991,799.277,-87.643,-1.184
216.6253,-39.000,625.459,799.652,-87.097,-0.638
216.7213,-39.000,626.536,800.141,-86.802,-0.343
216.8290,-40.000,603.145,809.263,-103.059,-14.400
216.9256,-41.000,587.011,812.668,-112.828,-21.969
217.0232,-42.000,575.026,813.234,-119.104,-26.045
217.1188,-43.000,565.478,812.475,-123.499,-28.240
217.2261,-44.000,557.416,811.177,-126.880,-29.421
217.3232,-46.000,526.086,818.350,-146.132,-44.273
217.4210,-47.000,527.038,811.266,-142.114,-38.055
217.5288,-48.000,525.280,807.211,-140.965,-34.706
217.6243,-49.000,522.113,804.837,-141.362,-32.903
217.7220,-50.000,518.228,803.412,-142.592,-31.933
217.8266,-51.000,513.995,802.532,-144.269,-31.410
217.9209,-51.000,533.818,793.362,-129.772,-16.913
218.0252,-52.000,521.937,798.699,-138.381,-23.322
218.1214,-52.000,537.419,792.654,-127.617,-12.558
218.2188,-52.000,547.226,790.868,-121.821,-6.762
218.3257,-52.000,553.757,791.157,-118.700,-3.641
218.4218,-52.000,558.335,792.374,-117.020,-1.961
218.5189,-52.000,561.703,793.932,-116.115,-1.056
218.6276,-52.000,564.284,795.539,-115.627,-0.568
218.7230,-52.000,566.326,797.056,-115.365,-0.306
218.8188,-51.000,577.195,774.812,-98.808,14.051
218.9240,-51.000,573.376,783.963,-105.293,7.566
219.0209,-51.000,572.150,789.720,-108.785,4.074
219.1185,-50.000,581.411,769.911,-94.250,16.409
219.2288,-50.000,576.855,780.502,-101.823,8.836
219.3235,-49.000,584.557,763.529,-89.486,18.973
219.4198,-48.000,588.576,752.230,-81.827,24.432
219.5280,-47.000,590.921,744.297,-76.688,27.371
219.6247,-46.000,633.143,721.254,-44.055,20.764
219.7212,-44.000,649.637,716.102,-33.233,28.787
219.8284,-43.000,660.285,738.934,-39.324,21.295
219.9253,-41.000,682.525,740.192,-28.834,28.986
220.0232,-40.000,698.215,768.314,-35.050,21.370
220.1194,-39.000,719.799,792.810,-36.506,18.514
220.2273,-39.000,739.132,835.285,-48.077,6.943
220.3217,-37.000,774.881,832.112,-28.616,23.603
220.4197,-37.000,792.793,879.529,-43.368,8.851
220.5270,-35.000,828.845,879.045,-25.100,24.319
220.6243,-33.000,857.582,890.581,-16.500,30.120
220.7203,-31.000,884.693,907.742,-11.524,32.295
220.8275,-29.000,912.144,927.962,-7.909,33.111
220.9247,-28.000,929.163,962.569,-16.703,22.916
221.0219,-27.000,933.048,971.299,-19.126,19.094
221.1174,-25.000,943.976,958.494,-7.259,28.160
221.2241,-24.000,945.561,971.513,-12.976,21.060
221.3188,-23.000,951.090,979.599,-14.255,18.398
221.4262,-23.000,952.861,1004.399,-25.769,6.899
221.5241,-22.000,964.827,1001.220,-18.197,13.087
221.6190,-21.000,972.866,1001.848,-14.491,15.408
221.7170,-20.000,979.406,1003.876,-12.235,16.278
221.8227,-19.000,985.361,1006.404,-10.521,16.604
221.9189,-18.000,991.076,1009.099,-9.012,16.727
222.0257,-16.000,1001.685,993.039,4.323,27.272
222.1221,-15.000,1002.312,1003.978,-0.833,20.727
222.2176,-14.000,1006.764,1010.558,-1.897,18.273
222.3230,-12.000,1017.523,996.575,10.474,27.852
222.4210,-12.000,1013.737,1027.621,-6.942,10.445
222.5182,-11.000,1023.787,1026.942,-1.578,14.417
222.6244,-10.000,1031.253,1028.643,1.305,15.906
222.7202,-9.000,1037.700,1031.186,3.257,16.465
222.8174,-7.000,1048.726,1015.202,16.762,27.174
222.9247,-6.000,1049.631,1026.283,11.674,20.690
223.0225,-5.000,1054.290,1033.012,10.639,18.259
223.1209,-4.000,1060.215,1037.967,11.124,17.347
223.2190,-3.000,1066.495,1042.135,12.180,17.005
223.3266,-1.000,1077.806,1027.104,25.351,27.377
