time_s,error_mm,left_rpm,right_rpm,pid_output,d_term,target_speed_ms
0.0003,-15.000,-501.958,531.641,-516.799,-474.783,0.320
0.0332,-14.000,-129.179,186.718,-157.948,-118.680,0.320
0.1415,-14.000,-21.915,105.757,-63.836,-24.490,0.320
0.2386,-14.000,9.935,98.892,-44.479,-5.053,0.320
0.3378,-13.000,40.159,92.530,-26.185,10.513,0.320
0.4345,-13.000,44.184,113.386,-34.601,2.169,0.320
0.5409,-13.000,55.351,128.143,-36.396,0.448,0.320
0.6406,-13.000,68.328,141.976,-36.824,0.092,0.320
0.7375,-13.000,81.963,155.903,-36.970,0.019,0.320
0.8355,-13.000,95.976,170.092,-37.058,0.004,0.320
0.9322,-13.000,110.274,184.542,-37.134,0.001,0.320
1.0413,-13.000,124.806,199.220,-37.207,0.000,0.320
1.1390,-12.000,152.815,198.654,-22.919,11.556,0.320
1.2358,-12.000,159.128,223.442,-32.157,2.384,0.320
1.3329,-12.000,172.773,241.007,-34.117,0.492,0.320
1.4315,-12.000,187.967,257.117,-34.575,0.102,0.320
1.5397,-12.000,203.511,272.956,-34.723,0.021,0.320
1.6407,-11.000,232.433,273.324,-20.445,11.560,0.320
1.7371,-11.000,239.533,298.896,-29.681,2.385,0.320
1.8371,-11.000,253.851,317.123,-31.636,0.492,0.320
1.9349,-11.000,269.617,333.794,-32.088,0.102,0.320
2.0322,-10.000,298.930,334.669,-17.869,11.577,0.320
2.1318,-10.000,306.403,360.629,-27.113,2.389,0.320
2.2385,-10.000,321.048,379.178,-29.065,0.493,0.320
2.3355,-9.000,350.376,380.678,-15.151,11.657,0.320
2.4317,-9.000,358.063,406.970,-24.453,2.405,0.320
2.5390,-9.000,372.932,425.758,-26.413,0.496,0.320
2.6372,-8.000,402.461,427.453,-12.496,11.658,0.320
2.7337,-7.000,423.602,438.466,-7.432,13.961,0.320
2.8321,-6.000,443.316,451.697,-4.190,14.436,0.320
2.9323,-5.000,462.996,465.636,-1.320,14.535,0.320
3.0417,-4.000,482.889,479.934,1.478,14.555,0.320
3.1375,-4.000,489.733,509.926,-10.096,3.003,0.320
3.2334,-3.000,518.651,514.933,1.859,12.175,0.320
3.3323,-2.000,540.558,527.478,6.540,14.068,0.320
3.4303,-1.000,561.193,541.742,9.725,14.458,0.320
3.5386,-0.000,581.712,556.501,12.606,14.539,0.320
3.6365,1.000,601.495,570.639,15.428,14.556,0.320
3.7353,2.000,620.694,584.208,18.243,14.559,0.320
3.8323,2.000,626.964,613.565,6.699,3.004,0.320
3.9313,3.000,654.561,617.186,18.687,12.175,0.320
4.0375,4.000,674.510,627.706,23.402,14.068,0.320
4.1341,4.000,680.205,655.686,12.259,2.903,0.320
4.2315,5.000,707.063,658.385,24.339,12.155,0.320
4.3398,5.000,713.894,684.453,14.721,2.508,0.320
4.4369,6.000,740.742,686.503,27.119,12.073,0.320
4.5358,6.000,747.363,712.221,17.571,2.491,0.320
4.6339,5.000,746.109,743.577,1.266,-11.041,0.320
4.7323,4.000,756.140,764.747,-4.304,-13.834,0.320
4.8327,2.000,753.407,797.456,-22.024,-25.966,0.320
4.9412,1.000,776.712,808.245,-15.767,-16.914,0.320
5.0385,-1.000,776.796,838.916,-31.060,-26.601,0.320
5.1362,-2.000,800.079,848.709,-24.315,-17.045,0.320
5.2349,-4.000,798.978,878.019,-39.521,-26.628,0.320
5.3328,-7.000,788.622,911.608,-61.493,-40.161,0.320
5.4299,-9.000,804.656,921.417,-58.380,-31.398,0.320
5.5376,-11.000,813.333,937.800,-62.234,-29.590,0.320
5.6356,-14.000,803.950,967.739,-81.895,-40.773,0.320
5.7346,-17.000,803.011,988.406,-92.697,-43.080,0.320
5.8318,-20.000,803.647,1006.793,-101.573,-43.556,0.320
5.9292,-23.000,804.360,1024.504,-110.072,-43.654,0.320
6.0383,-26.000,804.898,1041.881,-118.492,-43.675,0.320
6.1360,-29.000,805.235,1059.027,-126.896,-43.679,0.320
6.2344,-32.000,805.391,1075.985,-135.297,-43.680,0.320
6.3318,-34.000,805.752,1064.435,-129.342,-32.124,0.320
6.4396,-34.000,829.493,1037.185,-103.846,-6.629,0.320
6.5374,-34.000,833.262,1030.432,-98.585,-1.368,0.320
6.6348,-34.000,833.079,1028.078,-97.499,-0.282,0.320
6.7323,-33.000,845.501,1011.341,-82.920,11.497,0.320
6.8304,-32.000,849.317,1004.696,-77.689,13.928,0.320
6.9291,-30.000,865.112,985.176,-60.032,25.985,0.320
7.0386,-29.000,859.182,991.781,-66.300,16.918,0.320
7.1366,-28.000,860.818,991.559,-65.371,15.046,0.320
7.2347,-26.000,877.528,974.730,-48.601,26.216,0.320
7.3322,-26.000,859.671,998.486,-69.408,5.410,0.320
7.4296,-25.000,871.160,989.851,-59.345,12.672,0.320
7.5395,-23.000,890.367,971.750,-40.691,25.726,0.320
7.6396,-22.000,886.696,980.202,-46.753,16.864,0.320
7.7376,-21.000,890.119,981.682,-45.782,15.035,0.320
7.8340,-20.000,895.045,981.763,-43.359,14.658,0.320
7.9316,-19.000,900.209,981.696,-40.743,14.580,0.320
8.0393,-17.000,918.759,966.157,-23.699,26.120,0.320
8.1372,-17.000,902.214,991.263,-44.524,5.390,0.320
8.2366,-16.000,914.761,983.832,-34.536,12.668,0.320
8.3365,-15.000,921.573,982.209,-30.318,14.170,0.320
8.4326,-14.000,927.230,981.803,-27.287,14.479,0.320
8.5326,-12.000,945.953,966.222,-10.134,26.099,0.320
8.6325,-11.000,942.790,975.897,-16.554,16.941,0.320
8.7311,-10.000,946.831,978.230,-15.699,15.051,0.320
8.8385,-9.000,952.320,979.000,-13.340,14.661,0.320
8.9355,-7.000,971.356,963.964,3.696,26.136,0.320
9.0318,-6.000,968.555,974.005,-2.725,16.949,0.320
9.1323,-5.000,972.928,976.626,-1.849,15.053,0.320
9.2283,-4.000,978.706,977.632,0.537,14.662,0.320
9.3382,-3.000,984.712,978.233,3.240,14.581,0.320
9.4356,-2.000,990.713,978.689,6.012,14.564,0.320
9.5327,-0.000,1009.948,963.620,23.164,26.116,0.320
9.6288,-0.000,993.992,989.119,2.437,5.389,0.320
9.7377,1.000,1006.212,981.170,12.521,12.668,0.320
9.8377,2.000,1011.920,978.252,16.834,14.170,0.320
9.9356,3.000,1015.813,975.892,19.961,14.479,0.320
10.0331,4.000,1018.930,973.236,22.847,14.543,0.320
10.1310,5.000,1021.548,970.171,25.688,14.557,0.320
10.2386,5.000,1011.333,983.006,14.163,3.004,0.320
10.3367,6.000,1022.532,970.194,26.169,12.175,0.320
10.4349,6.000,1013.717,980.638,16.539,2.512,0.320
10.5348,7.000,1024.890,967.010,28.940,12.074,0.320
10.6345,7.000,1015.803,977.009,19.397,2.491,0.320
10.7307,8.000,1026.694,963.054,31.820,12.070,0.320
10.8315,8.000,1017.357,972.786,22.285,2.491,0.320
10.9282,9.000,1028.035,958.605,34.715,12.069,0.320
11.0386,9.000,1018.517,968.145,25.186,2.491,0.320
11.1355,9.000,1016.600,970.080,23.260,0.514,0.320
11.2324,9.000,1016.250,970.445,22.903,0.106,0.320
11.3307,9.000,1016.223,970.486,22.869,0.022,0.320
11.4284,9.000,1016.262,970.459,22.902,0.005,0.320
11.5283,9.000,1016.314,970.417,22.949,0.001,0.320
11.6364,9.000,1016.367,970.371,22.998,0.000,0.320
11.7329,9.000,1016.421,970.324,23.048,0.000,0.320
11.8313,9.000,1016.475,970.277,23.099,0.000,0.320
11.9287,8.000,1001.086,983.510,8.788,-11.556,0.320
12.0273,8.000,1010.886,974.878,18.004,-2.384,0.320
12.1374,8.000,1013.320,973.438,19.941,-0.492,0.320
12.2351,7.000,998.736,986.706,6.015,-11.657,0.320
12.3344,7.000,1008.968,978.355,15.306,-2.405,0.320
12.4343,6.000,996.275,990.488,2.893,-12.052,0.320
12.5313,6.000,1007.135,982.151,12.492,-2.487,0.320
12.6297,5.000,994.774,994.497,0.138,-12.069,0.320
12.7283,5.000,1005.873,986.384,9.744,-2.490,0.320
12.8373,5.000,1009.147,985.650,11.749,-0.514,0.320
12.9363,5.000,1010.662,986.293,12.185,-0.106,0.320
13.0319,5.000,1011.692,987.098,12.297,-0.022,0.320
13.1283,5.000,1012.517,987.832,12.342,-0.005,0.320
13.2363,5.000,1013.211,988.463,12.374,-0.001,0.320
13.3337,6.000,1026.244,972.717,26.764,11.555,0.320
13.4318,6.000,1017.454,982.201,17.626,2.384,0.320
13.5295,6.000,1015.890,984.354,15.768,0.492,0.320
13.6279,6.000,1015.783,984.962,15.411,0.102,0.320
13.7367,6.000,1015.949,985.222,15.364,0.021,0.320
13.8332,7.000,1028.589,969.105,29.742,11.560,0.320
13.9307,7.000,1019.475,978.262,20.607,2.385,0.320
14.0278,7.000,1017.640,980.134,18.753,0.492,0.320
14.1367,7.000,1017.304,980.502,18.401,0.102,0.320
14.2345,7.000,1017.276,980.557,18.360,0.021,0.320
14.3317,8.000,1029.751,964.264,32.744,11.560,0.320
14.4281,8.000,1020.499,973.272,23.614,2.385,0.320
14.5356,8.000,1018.547,975.016,21.765,0.492,0.320
14.6316,8.000,1018.113,975.274,21.420,0.102,0.320
14.7286,8.000,1018.002,975.234,21.384,0.021,0.320
14.8369,8.000,1017.966,975.142,21.412,0.004,0.320
14.9263,8.000,1017.953,975.047,21.453,0.001,0.320
15.0350,7.000,1002.510,988.238,7.136,-11.555,0.320
15.1333,7.000,1012.263,979.570,16.346,-2.384,0.320
15.2324,7.000,1014.656,978.100,18.278,-0.492,0.320
15.3322,7.000,1015.478,978.062,18.708,-0.102,0.320
15.4304,7.000,1015.931,978.276,18.828,-0.021,0.320
15.5284,6.000,1000.829,991.785,4.522,-11.560,0.320
15.6262,6.000,1010.860,983.399,13.730,-2.385,0.320
15.7345,5.000,998.045,995.453,1.296,-12.048,0.320
15.8261,5.000,1008.811,987.040,10.886,-2.486,0.320
15.9347,4.000,996.371,999.320,-1.474,-12.069,0.320
16.0331,4.000,1007.404,991.152,8.126,-2.490,0.320
16.1305,3.000,995.179,1003.651,-4.236,-12.069,0.320
16.2261,3.000,1006.391,995.672,5.360,-2.491,0.320
16.3326,3.000,1009.759,995.053,7.353,-0.514,0.320
16.4305,2.000,995.910,1009.077,-6.584,-11.662,0.320
16.5278,2.000,1006.751,1001.386,2.683,-2.406,0.320
16.6259,1.000,994.570,1014.084,-9.757,-12.052,0.320
16.7340,-0.000,990.419,1019.515,-14.548,-14.042,0.320
16.8312,-0.000,1003.608,1010.414,-3.403,-2.898,0.320
16.9293,-0.000,972.151,1013.514,-1.079,-0.610,0.180
17.0278,-1.000,930.869,1022.318,-9.771,-6.697,0.180
17.1347,-1.000,907.874,1015.933,-4.489,-1.410,0.180
17.2327,-1.000,882.870,1011.189,-3.381,-0.297,0.180
17.3293,-1.000,858.827,1005.170,-3.152,-0.062,0.180
17.4278,-1.000,836.165,997.507,-3.108,-0.013,0.180
17.5258,-1.000,814.793,988.327,-3.103,-0.003,0.180
17.6349,-0.000,802.517,967.459,6.068,6.568,0.180
17.7321,-0.000,778.526,961.503,0.882,1.383,0.180
17.8321,-0.000,759.373,950.426,-0.209,0.291,0.180
17.9298,1.000,749.089,926.641,8.735,6.630,0.180
18.0286,1.000,726.940,918.056,3.506,1.396,0.180
18.1263,2.000,716.759,893.739,11.583,6.862,0.180
18.2337,2.000,695.256,884.143,6.176,1.445,0.180
18.3312,2.000,678.368,869.822,5.045,0.304,0.180
18.4310,3.000,670.042,843.247,13.989,6.632,0.180
18.5295,4.000,656.939,821.309,17.942,7.965,0.180
18.6275,4.000,635.599,811.090,11.675,1.677,0.180
18.7250,5.000,626.781,784.707,19.546,6.921,0.180
18.8329,5.000,606.581,773.212,14.108,1.457,0.180
18.9291,6.000,598.207,746.271,22.157,6.875,0.180
19.0271,7.000,585.648,723.438,25.934,8.016,0.180
19.1255,8.000,572.267,701.360,28.816,8.256,0.180
19.2349,9.000,558.766,679.347,31.513,8.307,0.180
19.3324,10.000,545.283,657.267,34.176,8.317,0.180
19.4297,10.000,524.470,646.079,27.662,1.751,0.180
19.5282,11.000,516.282,618.690,35.505,6.937,0.180
19.6251,11.000,496.660,606.297,30.085,1.460,0.180
19.7349,12.000,504.394,594.807,38.163,6.876,0.180
19.8329,13.000,507.610,587.799,41.971,8.016,0.180
19.9303,13.000,502.346,592.839,35.710,1.688,0.180
20.0267,13.000,501.928,593.067,34.445,0.355,0.180
20.1247,14.000,509.809,581.424,43.406,6.643,0.180
20.2337,14.000,505.219,585.817,38.234,1.399,0.180
20.3317,14.000,504.682,586.185,37.203,0.294,0.180
20.4284,15.000,512.317,574.808,46.217,6.630,0.180
20.5281,15.000,507.488,579.456,41.060,1.396,0.180
20.6253,15.000,506.742,580.048,40.036,0.294,0.180
20.7255,15.000,506.825,579.834,39.882,0.062,0.180
20.8239,15.000,507.055,579.493,39.912,0.013,0.180
20.9328,15.000,507.293,579.159,39.979,0.003,0.180
21.0298,16.000,514.888,567.884,49.229,6.569,0.180
21.1294,16.000,509.879,572.765,44.126,1.383,0.180
21.2282,15.000,498.576,581.559,33.944,-6.277,0.180
21.3260,16.000,511.531,565.871,48.151,5.247,0.180
21.4236,15.000,497.534,578.146,34.918,-5.464,0.180
21.5237,15.000,502.775,574.440,39.310,-1.150,0.180
21.6329,15.000,504.484,574.036,40.296,-0.242,0.180
21.7307,15.000,505.367,574.262,40.565,-0.051,0.180
21.8295,14.000,495.634,582.539,31.510,-6.579,0.180
21.9265,14.000,501.825,578.109,36.777,-1.385,0.180
22.0230,14.000,503.776,577.655,37.943,-0.292,0.180
22.1309,13.000,494.373,585.931,29.072,-6.630,0.180
22.2288,13.000,500.722,581.624,34.374,-1.396,0.180
22.3278,13.000,502.782,581.300,35.543,-0.294,0.180
22.4269,12.000,493.464,589.693,26.669,-6.630,0.180
22.5253,12.000,499.884,585.487,31.966,-1.396,0.180
22.6264,11.000,491.630,593.223,23.957,-6.862,0.180
22.7247,10.000,488.022,596.990,20.258,-8.013,0.180
22.8317,10.000,495.978,592.170,26.636,-1.687,0.180
22.9300,9.000,488.330,600.084,18.847,-6.924,0.180
23.0278,8.000,485.089,604.150,15.186,-8.026,0.180
23.1264,6.000,472.576,615.564,3.216,-14.827,0.180
23.2252,6.000,486.851,606.356,14.953,-3.121,0.180
23.3331,5.000,481.131,613.983,8.275,-7.226,0.180
23.4298,4.000,478.801,618.532,4.831,-8.090,0.180
23.5277,2.000,466.908,630.513,-7.109,-14.840,0.180
23.6252,1.000,471.301,629.795,-4.556,-9.693,0.180
23.7246,-1.000,460.675,640.544,-15.246,-15.177,0.180
23.8226,-3.000,453.759,646.365,-21.616,-16.332,0.180
23.9315,-4.000,458.199,643.393,-17.912,-10.007,0.180
24.0291,-6.000,446.257,652.384,-28.380,-15.244,0.180
24.1272,-8.000,438.060,656.872,-34.724,-16.346,0.180
24.2256,-9.000,441.374,652.806,-31.034,-10.010,0.180
24.3225,-11.000,428.464,660.877,-41.526,-15.244,0.180
24.4305,-12.000,430.412,657.215,-38.722,-9.778,0.180
24.5288,-13.000,427.867,657.703,-40.239,-8.627,0.180
24.6278,-14.000,424.263,658.959,-42.669,-8.385,0.180
24.7245,-15.000,420.339,660.288,-45.296,-8.334,0.180
24.8227,-16.000,416.263,661.556,-47.969,-8.323,0.180
24.9316,-17.000,412.085,662.749,-50.655,-8.321,0.180
25.0284,-18.000,407.823,663.873,-53.348,-8.320,0.180
25.1256,-19.000,403.491,664.938,-56.047,-8.320,0.180
25.2257,-20.000,399.203,665.850,-58.647,-8.320,0.180
25.3233,-20.000,405.836,659.346,-52.078,-1.752,0.180
25.4292,-21.000,396.306,665.386,-59.864,-6.937,0.180
25.5278,-22.000,390.831,667.295,-63.556,-8.029,0.180
25.6254,-23.000,386.186,668.309,-66.385,-8.259,0.180
25.7224,-25.000,370.726,676.482,-78.202,-14.876,0.180
25.8304,-26.000,371.404,672.010,-75.627,-9.700,0.180
25.9309,-26.000,378.950,664.240,-67.969,-2.042,0.180
26.0300,-27.000,369.498,669.900,-75.525,-6.998,0.180
26.1289,-29.000,352.975,679.001,-88.337,-14.610,0.180
26.2257,-29.000,364.355,667.312,-76.802,-3.076,0.180
26.3234,-31.000,344.716,679.489,-92.711,-13.784,0.180
26.4225,-32.000,344.458,675.804,-90.997,-9.470,0.180
26.5316,-33.000,340.790,675.519,-92.689,-8.562,0.180
26.6306,-34.000,336.402,675.949,-95.098,-8.371,0.180
26.7257,-34.000,342.828,669.157,-88.489,-1.762,0.180
26.8235,-35.000,333.096,674.979,-96.266,-6.939,0.180
26.9235,-35.000,338.413,669.339,-90.788,-1.461,0.180
27.0226,-36.000,328.460,675.416,-98.803,-6.876,0.180
27.1213,-37.000,322.773,677.209,-102.543,-8.016,0.180
27.2300,-37.000,328.946,670.726,-96.214,-1.688,0.180
27.3274,-37.000,330.147,669.262,-94.882,-0.355,0.180
27.4253,-38.000,319.347,676.238,-103.770,-6.643,0.180
27.5234,-38.000,324.467,670.868,-98.525,-1.399,0.180
27.6211,-38.000,325.464,669.658,-97.421,-0.294,0.180
27.7285,-38.000,325.606,669.335,-97.189,-0.062,0.180
27.8266,-38.000,325.579,669.209,-97.140,-0.013,0.180
27.9260,-38.000,325.523,669.133,-97.129,-0.003,0.180
28.0243,-38.000,325.470,669.076,-97.127,-0.001,0.180
28.1221,-38.000,325.423,669.028,-97.127,-0.000,0.180
28.2312,-38.000,325.383,668.988,-97.127,-0.000,0.180
28.3291,-39.000,314.381,676.322,-106.295,-6.568,0.180
28.4277,-38.000,327.476,660.709,-91.941,5.186,0.180
28.5243,-38.000,323.812,665.233,-96.035,1.092,0.180
28.6244,-38.000,323.315,666.460,-96.897,0.230,0.180
28.7205,-38.000,323.445,666.952,-97.078,0.048,0.180
28.8281,-38.000,323.670,667.254,-97.116,0.010,0.180
28.9264,-38.000,323.887,667.487,-97.125,0.002,0.180
29.0262,-37.000,332.044,657.311,-87.958,6.569,0.180
29.1256,-38.000,316.532,670.507,-102.312,-5.186,0.180
29.2222,-37.000,329.110,656.561,-89.050,5.477,0.180
29.3232,-37.000,325.705,661.803,-93.374,1.153,0.180
29.4205,-37.000,325.575,663.494,-94.284,0.243,0.180
29.5290,-37.000,326.047,664.349,-94.476,0.051,0.180
29.6258,-36.000,334.539,654.585,-85.347,6.579,0.180
29.7217,-37.000,319.336,668.107,-99.710,-5.183,0.180
29.8224,-36.000,332.182,654.432,-86.449,5.477,0.180
29.9198,-37.000,318.037,667.272,-99.942,-5.415,0.180
30.0279,-37.000,323.258,663.943,-95.667,-1.140,0.180
30.1277,-37.000,324.962,663.846,-94.767,-0.240,0.180
30.2274,-37.000,325.834,664.340,-94.577,-0.051,0.180
30.3348,-37.000,326.455,664.881,-94.537,-0.011,0.180
30.4357,-37.000,326.957,665.366,-94.529,-0.002,0.180
30.5446,-36.000,335.347,655.415,-85.359,6.568,0.180
30.6529,-36.000,330.998,661.437,-90.544,1.383,0.180
30.7531,-36.000,330.617,663.240,-91.636,0.291,0.180
30.8646,-35.000,338.961,653.706,-82.697,6.630,0.180
30.9626,-35.000,334.720,659.933,-87.931,1.396,0.180
31.0720,-34.000,342.432,651.512,-79.864,6.862,0.180
31.1726,-32.000,354.149,637.390,-66.945,14.582,0.180
31.2736,-32.000,344.615,650.880,-78.457,3.070,0.180
31.3833,-30.000,359.810,634.249,-62.544,13.783,0.180
31.4815,-29.000,359.287,637.151,-64.257,9.470,0.180
31.5903,-27.000,370.258,626.401,-53.396,15.131,0.180
31.6893,-25.000,377.344,620.704,-47.004,16.322,0.180
31.8008,-24.000,376.017,626.812,-50.722,10.005,0.180
31.9038,-23.000,379.618,627.873,-49.452,8.675,0.180
32.0059,-21.000,392.188,617.467,-37.964,14.963,0.180
32.1131,-20.000,392.264,622.831,-40.608,9.719,0.180
32.2093,-19.000,396.272,624.045,-39.211,8.614,0.180
32.3179,-18.000,401.066,624.291,-36.937,8.382,0.180
32.4243,-18.000,397.997,634.644,-43.648,1.765,0.180
32.5198,-17.000,407.580,628.853,-35.961,6.940,0.180
32.6292,-16.000,413.097,627.158,-32.355,8.029,0.180
32.7287,-16.000,409.800,636.705,-38.777,1.690,0.180
32.8385,-15.000,419.011,630.405,-31.021,6.924,0.180
32.9357,-15.000,416.204,638.687,-36.566,1.458,0.180
33.0448,-14.000,425.276,631.869,-28.621,6.875,0.180
33.1399,-13.000,430.207,629.454,-24.948,8.016,0.180
33.2483,-12.000,434.354,628.045,-22.170,8.256,0.180
33.3461,-10.000,446.385,616.542,-10.403,14.875,0.180
33.4573,-9.000,445.787,621.188,-13.025,9.700,0.180
33.5557,-6.000,465.224,600.993,6.791,21.747,0.180
33.6655,-3.000,476.122,591.250,17.112,24.284,0.180
33.7637,-1.000,477.873,594.680,16.272,18.249,0.180
33.8623,2.000,491.384,581.974,29.381,23.547,0.180
33.9761,4.000,492.393,583.448,29.148,18.094,0.180
34.0739,6.000,496.932,579.820,33.231,16.946,0.180
34.1749,9.000,509.093,563.634,47.405,23.273,0.180
34.2741,10.000,500.929,573.776,38.252,11.468,0.180
34.3872,12.000,509.016,563.172,47.598,15.551,0.180
34.4860,14.000,513.478,555.369,53.730,16.411,0.180
34.5836,16.000,516.922,547.885,59.194,16.592,0.180
34.6922,18.000,519.937,540.236,64.526,16.630,0.180
34.7934,19.000,515.306,543.329,60.664,10.069,0.180
34.8917,19.000,508.302,552.026,52.814,2.120,0.180
34.9992,21.000,522.084,532.482,69.477,13.583,0.180
35.0976,23.000,526.649,521.820,77.090,15.996,0.180
35.2048,25.000,529.165,512.920,82.798,16.505,0.180
35.3034,27.000,531.160,504.300,88.105,16.611,0.180
35.4128,29.000,532.966,495.662,93.328,16.634,0.180
35.5101,31.000,534.668,486.954,98.532,16.639,0.180
35.6099,33.000,536.291,478.175,103.733,16.640,0.180
35.7190,34.000,530.482,480.302,99.765,10.072,0.180
35.8172,35.000,529.834,477.220,100.982,8.689,0.180
35.9163,36.000,530.257,473.026,103.291,8.398,0.180
36.0264,36.000,523.525,479.553,96.662,1.768,0.180
36.1267,36.000,522.042,480.862,95.266,0.372,0.180
36.2240,36.000,521.674,481.081,94.972,0.078,0.180
36.3258,36.000,521.550,481.080,94.910,0.016,0.180
36.4362,36.000,521.483,481.040,94.897,0.003,0.180
36.5343,35.000,511.066,488.965,85.726,-6.568,0.180
36.6348,35.000,516.693,484.222,90.911,-1.383,0.180
36.7334,34.000,507.791,491.474,82.834,-6.860,0.180
36.8426,33.000,503.637,494.826,79.081,-8.013,0.180
36.9438,31.000,490.385,505.596,67.070,-14.824,0.180
37.0418,31.000,504.033,495.838,78.773,-3.121,0.180
37.1426,29.000,487.413,510.965,62.900,-13.794,0.180
37.2516,28.000,490.300,510.409,64.621,-9.472,0.180
37.3512,27.000,489.901,513.389,62.931,-8.563,0.180
37.4489,26.000,488.889,517.195,60.523,-8.371,0.180
37.5574,25.000,487.817,521.242,57.963,-8.331,0.180
37.6589,24.000,486.790,525.398,55.371,-8.322,0.180
37.7577,23.000,485.821,529.626,52.773,-8.320,0.180
37.8565,21.000,474.538,541.879,41.005,-14.889,0.180
37.9643,20.000,479.336,541.506,43.591,-9.703,0.180
38.0637,18.000,469.734,553.069,33.008,-15.180,0.180
38.1641,17.000,475.271,552.799,35.912,-9.764,0.180
38.2633,15.000,466.059,564.688,25.361,-15.192,0.180
38.3710,13.000,461.522,572.701,19.086,-16.335,0.180
38.4709,11.000,458.216,580.161,13.703,-16.576,0.180
38.5687,8.000,445.004,595.704,-0.675,-23.195,0.180
38.6702,7.000,458.474,590.815,8.505,-11.452,0.180
38.7695,4.000,441.577,610.806,-9.939,-22.116,0.180
38.8796,2.000,444.126,615.087,-10.805,-17.793,0.180
38.9772,1.000,453.712,614.906,-5.921,-10.314,0.180
39.0733,-0.000,456.984,620.229,-6.947,-8.740,0.180
39.1837,-0.000,469.037,618.482,-0.047,-1.840,0.180
39.2816,1.000,482.243,610.436,10.579,6.181,0.180
39.3786,1.000,481.061,619.003,5.705,1.301,0.180
39.4879,-0.000,472.804,631.138,-4.491,-6.294,0.180
39.5874,-1.000,469.948,636.690,-8.695,-7.894,0.180
39.6851,-2.000,467.847,640.483,-11.642,-8.230,0.180
39.7856,-3.000,465.579,643.589,-14.329,-8.301,0.180
39.8844,-5.000,452.026,653.654,-26.138,-14.884,0.180
39.9842,-6.000,454.295,650.820,-23.587,-9.702,0.180
40.0938,-8.000,441.236,659.200,-34.306,-15.179,0.180
40.1941,-10.000,432.242,663.016,-40.711,-16.332,0.180
40.2920,-12.000,423.936,665.720,-46.216,-16.575,0.180
40.3923,-15.000,404.658,675.437,-60.714,-23.195,0.180
40.4995,-16.000,412.355,665.014,-51.654,-11.452,0.180
40.5989,-19.000,388.733,678.518,-70.217,-22.116,0.180
40.6960,-19.000,406.294,661.357,-52.856,-4.656,0.180
40.7957,-18.000,418.015,647.576,-40.105,5.588,0.180
40.9044,-18.000,414.134,652.706,-44.611,1.176,0.180
41.0035,-16.000,429.589,633.512,-27.286,13.385,0.180
41.1010,-16.000,420.350,645.573,-37.936,2.818,0.180
41.2098,-15.000,427.216,638.707,-31.070,7.162,0.180
41.3078,-14.000,430.957,635.564,-27.628,8.076,0.180
41.4037,-14.000,426.263,643.768,-34.077,1.700,0.180
41.5024,-14.000,426.339,646.674,-35.492,0.358,0.180
41.6035,-14.000,427.252,648.297,-35.847,0.075,0.180
41.7136,-13.000,436.171,639.134,-26.806,6.584,0.180
41.8105,-14.000,421.327,653.169,-41.245,-5.182,0.180
41.9066,-14.000,426.502,650.307,-37.227,-1.091,0.180
42.0148,-14.000,428.274,650.502,-36.438,-0.230,0.180
42.1163,-15.000,418.244,658.602,-45.503,-6.617,0.180
42.2144,-14.000,432.044,643.763,-31.184,5.175,0.180
42.3125,-14.000,428.943,648.980,-35.343,1.090,0.180
42.4115,-14.000,428.910,650.812,-36.276,0.229,0.180
42.5204,-14.000,429.421,651.831,-36.530,0.048,0.180
42.6182,-13.000,437.933,642.218,-27.467,6.579,0.180
42.7178,-13.000,433.704,648.512,-32.728,1.385,0.180
42.8177,-12.000,441.395,640.177,-24.715,6.860,0.180
42.9178,-11.000,445.116,636.507,-21.020,8.013,0.180
43.0267,-11.000,440.255,644.412,-27.403,1.687,0.180
43.1245,-11.000,440.160,647.095,-28.792,0.355,0.180
43.2215,-11.000,440.922,648.532,-29.129,0.075,0.180
43.3201,-11.000,441.740,649.583,-29.246,0.016,0.180
43.4291,-11.000,442.465,650.447,-29.315,0.003,0.180
43.5287,-12.000,432.107,658.556,-38.549,-6.568,0.180
43.6260,-12.000,437.774,653.977,-33.426,-1.383,0.180
43.7224,-13.000,428.292,660.784,-41.571,-6.860,0.180
43.8237,-13.000,434.003,655.799,-36.223,-1.444,0.180
43.9342,-14.000,424.410,662.409,-44.324,-6.872,0.180
44.0339,-15.000,419.022,664.662,-48.145,-8.015,0.180
44.1315,-15.000,425.439,658.580,-41.895,-1.687,0.180
44.2286,-16.000,415.862,664.842,-49.814,-6.924,0.180
44.3384,-16.000,421.336,659.550,-44.431,-1.458,0.180
44.4358,-15.000,430.454,648.186,-34.190,6.262,0.180
44.5345,-15.000,425.979,653.753,-39.212,1.318,0.180
44.6325,-14.000,433.297,644.962,-31.157,6.846,0.180
44.7402,-14.000,428.694,651.314,-36.634,1.441,0.180
44.8374,-13.000,436.200,642.894,-28.671,6.872,0.180
44.9344,-13.000,431.819,649.498,-34.164,1.447,0.180
45.0319,-12.000,439.528,641.279,-26.200,6.873,0.180
45.1418,-12.000,435.323,648.051,-31.689,1.447,0.180
45.2412,-11.000,443.182,639.973,-23.720,6.873,0.180
45.3392,-11.000,439.106,646.863,-29.203,1.447,0.180
45.4355,-11.000,439.103,649.259,-30.402,0.305,0.180
45.5435,-11.000,439.822,650.573,-30.700,0.064,0.180
45.6418,-11.000,440.578,651.545,-30.808,0.014,0.180
45.7409,-10.000,449.218,641.974,-21.702,6.571,0.180
45.8388,-10.000,445.083,648.318,-26.942,1.383,0.180
45.9476,-10.000,444.877,650.401,-28.086,0.291,0.180
46.0449,-10.000,445.393,651.481,-28.368,0.061,0.180
46.1436,-10.000,445.971,652.259,-28.469,0.013,0.180
46.2407,-10.000,446.485,652.898,-28.531,0.003,0.180
46.3486,-10.000,446.921,653.442,-28.585,0.001,0.180
46.4457,-10.000,447.285,653.911,-28.637,0.000,0.180
46.5431,-10.000,447.587,654.317,-28.689,0.000,0.180
46.6503,-10.000,447.836,654.670,-28.741,0.000,0.180
46.7476,-9.000,456.013,644.604,-19.620,6.568,0.180
46.8460,-10.000,440.505,657.908,-34.026,-5.186,0.180
46.9437,-9.000,453.083,644.055,-20.810,5.477,0.180
47.0512,-9.000,449.671,649.384,-25.181,1.153,0.180
47.1496,-9.000,449.529,651.156,-26.138,0.243,0.180
47.2500,-9.000,449.983,652.086,-26.376,0.051,0.180
47.3479,-9.000,450.484,652.762,-26.464,0.011,0.180
47.4457,-8.000,458.903,642.944,-17.345,6.571,0.180
47.5535,-8.000,454.579,649.078,-22.574,1.383,0.180
47.6512,-8.000,454.215,650.981,-23.708,0.291,0.180
47.7505,-7.000,462.571,641.533,-14.806,6.630,0.180
47.8475,-8.000,447.363,655.213,-29.250,-5.173,0.180
47.9472,-8.000,452.255,652.022,-25.208,-1.089,0.180
48.0551,-8.000,453.796,651.927,-24.390,-0.229,0.180
48.1545,-10.000,432.603,667.149,-42.597,-13.185,0.180
48.2515,-10.000,443.423,657.254,-32.240,-2.776,0.180
48.3518,-12.000,424.008,670.255,-48.448,-13.721,0.180
48.4592,-11.000,443.026,649.385,-28.504,3.680,0.180
48.5593,-13.000,418.829,667.808,-49.814,-12.362,0.180
48.6575,-14.000,418.094,666.035,-49.295,-9.171,0.180
48.7553,-14.000,425.695,659.302,-42.128,-1.931,0.180
48.8544,-15.000,416.542,665.593,-49.850,-6.975,0.180
48.9546,-15.000,422.254,660.448,-44.421,-1.468,0.180
49.0529,-16.000,412.603,666.981,-52.514,-6.878,0.180
49.1618,-18.000,396.177,676.557,-65.515,-14.585,0.180
49.2597,-19.000,396.713,672.599,-63.268,-9.639,0.180
49.3574,-20.000,393.399,672.403,-64.826,-8.598,0.180
49.4562,-23.000,367.290,687.729,-85.544,-21.515,0.180
49.5542,-23.000,384.193,670.661,-68.558,-4.530,0.180
49.6619,-23.000,387.699,667.014,-64.982,-0.954,0.180
49.7599,-25.000,366.455,680.939,-82.566,-13.338,0.180
49.8585,-24.000,384.842,659.930,-62.868,3.761,0.180
49.9562,-22.000,398.196,642.548,-47.500,13.929,0.180
50.0647,-24.000,366.551,669.569,-76.833,-10.205,0.180
50.1637,-22.000,391.579,641.810,-50.440,10.989,0.180
50.2628,-23.000,373.775,659.693,-68.284,-4.255,0.180
50.3614,-23.000,378.668,657.868,-64.924,-0.896,0.180
50.4607,-25.000,358.742,673.201,-82.554,-13.325,0.180
50.5607,-23.000,386.247,642.992,-53.697,10.331,0.180
50.6574,-26.000,347.036,675.105,-89.359,-17.530,0.180
50.7586,-28.000,340.422,677.485,-93.856,-16.827,0.180
50.8655,-27.000,362.876,655.033,-71.403,3.026,0.180
50.9652,-27.000,361.988,658.922,-73.792,0.637,0.180
51.0643,-27.000,362.760,660.700,-74.295,0.134,0.180
51.1605,-29.000,341.802,676.627,-92.737,-13.109,0.180
51.2584,-28.000,360.981,656.772,-73.220,3.809,0.180
51.3651,-26.000,375.123,640.254,-57.890,13.939,0.180
51.4606,-28.000,344.172,667.985,-87.231,-10.202,0.180
51.5677,-28.000,353.859,661.563,-79.177,-2.148,0.180
51.6644,-29.000,345.973,668.623,-86.649,-7.021,0.180
51.7607,-29.000,352.665,664.229,-81.107,-1.478,0.180
51.8605,-26.000,378.714,632.934,-52.435,19.394,0.180
51.9693,-24.000,381.609,629.778,-49.409,17.220,0.180
52.0680,-19.000,410.648,594.519,-17.260,36.467,0.180
52.1688,-3.000,514.193,462.286,100.629,112.772,0.180
52.2695,7.000,512.491,455.204,103.319,89.426,0.180
52.3671,13.000,497.436,471.192,87.798,58.237,0.180
52.4666,15.000,475.671,504.550,60.236,25.397,0.180
52.5650,17.000,478.373,510.502,58.611,18.484,0.180
52.6627,20.000,492.564,498.868,71.524,23.597,0.180
52.7718,20.000,479.522,523.083,52.895,4.968,0.180
52.8725,21.000,487.717,520.785,58.142,7.614,0.180
52.9700,23.000,500.448,508.865,70.467,14.740,0.180
53.0681,22.000,481.789,531.816,49.662,-3.465,0.180
53.1651,22.000,487.848,532.403,52.398,-0.730,0.180
53.2729,22.000,491.249,534.652,52.974,-0.154,0.180
53.3720,21.000,483.403,544.901,43.927,-6.601,0.180
53.4694,23.000,505.872,520.274,67.475,11.747,0.180
53.5684,22.000,488.312,539.599,49.032,-4.095,0.180
53.6684,-18.000,94.890,873.372,-314.565,-263.599,0.180
53.7659,-32.000,157.361,776.349,-234.819,-147.452,0.180
53.8652,-34.000,258.149,680.992,-136.746,-44.179,0.180
53.9638,-35.000,287.368,658.790,-111.036,-15.869,0.180
54.0734,-37.000,282.441,665.480,-116.844,-16.478,0.180
54.1708,-37.000,299.200,656.221,-103.835,-3.469,0.180
54.2694,-35.000,321.062,635.933,-82.760,12.407,0.180
54.3672,-35.000,314.937,649.397,-92.554,2.612,0.180
54.4662,-32.000,339.899,623.472,-67.111,20.255,0.180
54.5745,-30.000,343.936,622.817,-64.765,17.401,0.180
54.6729,-27.000,358.540,609.887,-50.998,23.369,0.180
54.7700,13.000,681.533,236.168,297.358,267.657,0.180
54.8670,41.000,705.382,169.202,342.766,240.265,0.180
54.9732,43.000,538.487,344.997,171.420,63.719,0.180
55.0714,45.000,509.702,380.147,139.453,26.551,0.180
55.1683,46.000,501.813,395.846,127.660,12.158,0.180
55.2751,48.000,511.771,388.327,136.398,15.696,0.180
55.3722,49.000,510.784,393.787,133.174,9.873,0.180
55.4708,50.000,513.759,394.014,134.548,8.647,0.180
55.5715,50.000,509.793,403.701,127.722,1.820,0.180
55.6726,51.000,518.156,396.601,135.453,6.952,0.180
55.7704,51.000,514.705,404.126,129.965,1.464,0.180
55.8691,51.000,515.281,407.013,128.809,0.308,0.180
55.9762,51.000,516.509,408.728,128.566,0.065,0.180
56.0732,50.000,507.341,417.999,119.347,-6.555,0.180
56.1726,51.000,521.427,403.399,133.690,5.188,0.180
56.2703,51.000,518.613,408.777,129.594,1.092,0.180
56.3684,51.000,518.840,410.729,128.731,0.230,0.180
56.4669,50.000,509.216,419.805,119.381,-6.520,0.180
56.5771,50.000,515.631,415.924,124.529,-1.373,0.180
56.6763,50.000,517.791,415.918,125.612,-0.289,0.180
56.7742,49.000,508.567,424.574,116.672,-6.629,0.180
56.8718,49.000,515.059,420.598,121.906,-1.396,0.180
56.9696,48.000,506.861,428.534,113.839,-6.862,0.180
57.0762,47.000,503.300,432.474,110.088,-8.013,0.180
57.1733,47.000,511.286,427.809,116.414,-1.687,0.180
57.2711,46.000,503.661,435.857,108.578,-6.924,0.180
57.3685,45.000,500.439,440.039,104.875,-8.026,0.180
57.4757,44.000,498.315,443.579,102.043,-8.258,0.180
57.5734,43.000,496.567,447.130,99.394,-8.307,0.180
57.6713,42.000,495.024,450.807,96.784,-8.317,0.180
57.7703,41.000,493.628,454.615,94.182,-8.319,0.180
57.8787,39.000,481.985,466.510,82.413,-14.888,0.180
57.9785,38.000,486.477,465.831,84.999,-9.703,0.180
58.0767,36.000,476.521,477.228,74.322,-15.180,0.180
58.1754,34.000,471.380,484.794,67.969,-16.333,0.180
58.2712,32.000,467.568,491.867,62.526,-16.575,0.180
58.3778,30.000,464.303,499.104,57.275,-16.626,0.180
58.4772,28.000,461.381,506.603,52.064,-16.637,0.180
58.5749,26.000,458.723,514.351,46.862,-16.639,0.180
58.6721,24.000,456.286,522.314,41.661,-16.640,0.180
58.7731,21.000,443.666,538.431,27.293,-23.208,0.180
58.8754,19.000,447.337,541.934,27.377,-18.023,0.180
58.9746,16.000,436.592,557.575,14.184,-23.500,0.180
59.0717,13.000,430.688,569.442,5.298,-24.653,0.180
59.1800,11.000,436.505,572.893,6.481,-18.327,0.180
59.2771,8.000,426.848,589.227,-6.514,-23.564,0.180
59.3757,5.000,421.710,601.842,-15.390,-24.666,0.180
59.4751,3.000,428.139,605.967,-14.238,-18.330,0.180
59.5775,1.000,429.364,614.914,-18.099,-16.996,0.180
59.6776,-0.000,439.736,616.787,-13.850,-10.146,0.180
59.7773,-2.000,432.504,630.229,-24.187,-15.273,0.180
59.8748,-4.000,428.243,638.568,-30.487,-16.352,0.180
59.9737,-6.000,423.917,645.159,-35.945,-16.579,0.180
60.0739,-6.000,440.938,636.064,-22.887,-3.490,0.180
60.1708,-7.000,436.057,644.082,-29.337,-7.303,0.180
60.2788,-8.000,433.646,648.560,-32.781,-8.106,0.180
60.3764,-8.000,442.383,644.580,-26.423,-1.707,0.180
60.4737,-9.000,434.736,652.670,-34.291,-6.928,0.180
60.5727,-8.000,449.820,638.562,-19.695,5.110,0.180
60.6801,-8.000,447.660,644.553,-23.771,1.076,0.180
60.7784,-8.000,448.397,647.071,-24.662,0.226,0.180
60.8769,-8.000,449.560,648.675,-24.882,0.048,0.180
60.9780,-8.000,450.657,649.931,-24.961,0.010,0.180
61.0777,-8.000,451.607,650.980,-25.011,0.002,0.180
61.1767,-8.000,452.413,651.873,-25.054,0.000,0.180
61.2757,-8.000,453.094,652.637,-25.096,0.000,0.180
61.3727,-8.000,453.666,653.293,-25.138,0.000,0.180
61.4703,-9.000,443.173,661.230,-34.353,-6.568,0.180
61.5789,-9.000,448.725,656.505,-29.214,-1.383,0.180
61.6771,-9.000,450.121,655.811,-28.169,-0.291,0.180
61.7747,-10.000,439.630,663.301,-37.160,-6.630,0.180
61.8744,-11.000,434.062,665.716,-41.152,-7.964,0.180
61.9729,-11.000,440.453,659.646,-34.921,-1.677,0.180
62.0815,-12.000,430.882,665.890,-42.828,-6.921,0.180
62.1779,-13.000,425.396,667.947,-46.600,-8.026,0.180
62.2746,-14.000,420.734,669.096,-49.505,-8.258,0.180
62.3807,-15.000,416.213,670.029,-52.232,-8.307,0.180
62.4790,-16.000,411.695,670.898,-54.926,-8.317,0.180
62.5768,-17.000,407.154,671.738,-57.616,-8.319,0.180
62.6756,-17.000,413.560,665.185,-51.137,-1.751,0.180
62.7830,-18.000,403.819,671.202,-59.016,-6.937,0.180
62.8796,-18.000,409.119,665.736,-53.633,-1.460,0.180
62.9770,-19.000,399.134,671.980,-61.747,-6.876,0.180
63.0753,-19.000,404.374,666.561,-56.418,-1.448,0.180
63.1730,-19.000,405.342,665.440,-55.374,-0.305,0.180
63.2753,-19.000,405.419,665.234,-55.232,-0.064,0.180
63.3754,-19.000,405.315,665.227,-55.280,-0.014,0.180
63.4738,-20.000,394.311,672.538,-64.438,-6.571,0.180
63.5815,-20.000,399.429,667.280,-59.250,-1.383,0.180
63.6785,-20.000,400.461,666.128,-58.158,-0.291,0.180
63.7787,-20.000,400.641,665.848,-57.928,-0.061,0.180
63.8811,-20.000,400.646,665.757,-57.880,-0.013,0.180
63.9793,-20.000,400.620,665.710,-57.869,-0.003,0.180
64.0758,-21.000,389.623,673.045,-67.036,-6.569,0.180
64.1831,-21.000,394.752,667.803,-61.850,-1.383,0.180
64.2808,-22.000,384.828,674.032,-69.926,-6.860,0.180
64.3789,-22.000,390.173,668.545,-64.511,-1.444,0.180
64.4761,-22.000,391.253,667.345,-63.371,-0.304,0.180
64.5835,-22.000,391.442,667.054,-63.131,-0.064,0.180
64.6850,-23.000,380.480,674.328,-72.249,-6.582,0.180
64.7836,-22.000,393.578,658.697,-57.884,5.183,0.180
64.8814,-23.000,378.941,670.580,-71.144,-5.477,0.180
64.9803,-23.000,383.595,666.586,-66.820,-1.153,0.180
65.0807,-23.000,384.785,665.955,-65.909,-0.243,0.180
65.1790,-23.000,385.215,666.002,-65.718,-0.051,0.180
65.2768,-22.000,393.427,655.796,-56.509,6.558,0.180
65.3855,-22.000,388.901,661.625,-61.686,1.381,0.180
65.4845,-22.000,388.366,663.269,-62.776,0.291,0.180
65.5816,-22.000,388.608,663.970,-63.005,0.061,0.180
65.6783,-22.000,388.960,664.418,-63.054,0.013,0.180
65.7773,-21.000,397.258,654.400,-53.896,6.571,0.180
65.8870,-21.000,392.840,660.358,-59.083,1.383,0.180
65.9869,-20.000,400.370,651.735,-51.007,6.860,0.180
66.0839,-20.000,395.990,658.187,-56.423,1.444,0.180
66.1816,-19.000,403.600,649.938,-48.493,6.872,0.180
66.2777,-19.000,399.304,656.690,-54.017,1.447,0.180
66.3849,-19.000,399.107,658.976,-55.258,0.305,0.180
66.4830,-19.000,399.656,660.202,-55.598,0.064,0.180
66.5794,-18.000,408.234,650.733,-46.574,6.582,0.180
66.6784,-18.000,404.066,657.144,-51.863,1.386,0.180
66.7858,-18.000,403.831,659.284,-53.051,0.292,0.180
66.8825,-17.000,412.291,650.045,-44.201,6.630,0.180
66.9823,-17.000,408.137,656.536,-49.524,1.396,0.180
67.0818,-16.000,415.914,648.346,-41.540,6.862,0.180
67.1812,-16.000,411.737,655.171,-47.041,1.445,0.180
67.2783,-15.000,419.613,647.146,-39.091,6.873,0.180
67.3860,-15.000,415.546,654.087,-44.595,1.447,0.180
67.4852,-15.000,415.547,656.528,-45.815,0.305,0.180
67.5834,-14.000,424.240,647.511,-36.960,6.633,0.180
67.6812,-13.000,428.267,643.809,-33.096,7.965,0.180
67.7790,-13.000,423.550,651.803,-39.451,1.677,0.180
67.8872,-12.000,431.524,644.213,-31.669,6.921,0.180
67.9819,-11.000,435.634,641.029,-28.022,8.026,0.180
68.0889,-10.000,439.109,638.943,-25.241,8.258,0.180
68.1854,-9.000,442.601,637.231,-22.639,8.307,0.180
68.2856,-8.000,446.226,635.718,-20.071,8.317,0.180
68.3817,-8.000,442.016,644.724,-26.678,1.751,0.180
68.4826,-7.000,450.604,637.813,-18.929,6.937,0.180
68.5818,-6.000,455.277,635.165,-15.268,8.029,0.180
68.6808,-5.000,459.241,633.521,-12.464,8.259,0.180
68.7898,-4.000,463.156,632.180,-9.837,8.307,0.180
68.8884,-3.000,467.144,630.979,-7.242,8.317,0.180
68.9867,-2.000,471.220,629.872,-4.650,8.319,0.180
69.0852,-1.000,475.377,628.839,-2.055,8.320,0.180
69.1859,-0.000,479.605,627.866,0.545,8.320,0.180
69.2840,1.000,483.293,626.344,3.150,8.320,0.180
69.3817,1.000,479.151,635.328,-3.413,1.752,0.180
69.4910,3.000,494.579,616.817,13.557,13.506,0.180
69.5875,4.000,524.768,617.277,17.220,14.342,0.320
69.6861,5.000,552.283,619.748,20.220,14.515,0.320
69.7838,5.000,565.515,639.779,8.728,2.995,0.320
69.8907,6.000,599.011,635.492,20.740,12.174,0.320
69.9893,7.000,623.972,639.292,25.474,14.068,0.320
70.0853,8.000,646.369,645.278,28.709,14.458,0.320
70.1847,8.000,655.113,668.433,17.279,2.983,0.320
70.2831,8.000,672.325,683.110,14.956,0.616,0.320
70.3904,8.000,690.874,696.442,14.512,0.127,0.320
70.4885,8.000,709.349,709.840,14.456,0.026,0.320
70.5858,8.000,727.511,723.544,14.480,0.005,0.320
70.6823,8.000,745.357,737.560,14.521,0.001,0.320
70.7896,7.000,747.482,765.132,0.204,-11.555,0.320
70.8862,6.000,759.113,784.357,-4.948,-13.940,0.320
70.9878,5.000,772.922,802.392,-8.212,-14.432,0.320
71.0849,5.000,802.803,807.352,3.270,-2.978,0.320
71.1924,3.000,792.339,847.886,-23.060,-23.726,0.320
71.2891,2.000,814.618,859.780,-18.575,-16.451,0.320
71.3872,1.000,831.257,877.804,-19.868,-14.950,0.320
71.4865,-1.000,830.535,909.763,-36.720,-26.196,0.320
71.5874,-3.000,837.855,932.090,-44.657,-28.517,0.320
71.6845,-4.000,862.546,939.534,-36.403,-17.440,0.320
71.7913,-6.000,861.661,967.828,-51.306,-26.710,0.320
71.8883,-7.000,883.847,975.874,-44.503,-17.067,0.320
71.9854,-8.000,898.035,991.318,-45.358,-15.077,0.320
72.0942,-9.000,910.348,1008.126,-47.797,-14.667,0.320
72.1929,-10.000,922.085,1025.078,-50.569,-14.582,0.320
72.2901,-11.000,933.540,1041.943,-53.413,-14.565,0.320
72.3870,-13.000,912.601,1055.217,-70.638,-26.116,0.320
72.4866,-14.000,916.817,1046.646,-64.344,-16.945,0.320
72.5942,-15.000,913.641,1045.281,-65.336,-15.052,0.320
72.6922,-16.000,908.864,1045.357,-67.835,-14.662,0.320
72.7895,-17.000,903.694,1045.692,-70.649,-14.581,0.320
72.8855,-19.000,882.106,1058.490,-87.895,-26.120,0.320
72.9936,-19.000,902.038,1037.086,-67.271,-5.390,0.320
73.0894,-20.000,889.453,1044.580,-77.349,-12.668,0.320
73.1873,-21.000,882.600,1046.266,-81.651,-14.170,0.320
73.2853,-22.000,876.901,1046.733,-84.761,-14.479,0.320
73.3932,-23.000,871.417,1046.930,-87.625,-14.543,0.320
73.4904,-24.000,865.956,1047.056,-90.438,-14.557,0.320
73.5888,-25.000,860.483,1047.155,-93.240,-14.559,0.320
73.6874,-26.000,854.993,1047.237,-96.041,-14.560,0.320
73.7952,-27.000,849.487,1047.307,-98.841,-14.560,0.320
73.8936,-29.000,827.691,1059.801,-115.997,-26.116,0.320
73.9929,-29.000,847.473,1038.113,-95.270,-5.389,0.320
74.0923,-30.000,834.672,1045.454,-105.349,-12.668,0.320
74.1922,-30.000,843.911,1034.573,-95.295,-2.614,0.320
74.2902,-30.000,845.294,1031.796,-93.221,-0.539,0.320
74.3879,-31.000,828.858,1043.206,-107.148,-11.667,0.320
74.4874,-31.000,837.485,1033.307,-97.889,-2.407,0.320
74.5947,-32.000,822.583,1043.288,-110.333,-12.052,0.320
74.6938,-32.000,831.560,1033.128,-100.768,-2.487,0.320
74.7930,-33.000,816.758,1043.085,-113.150,-12.069,0.320
74.8902,-34.000,809.503,1045.381,-117.927,-14.046,0.320
74.9892,-35.000,803.770,1046.059,-121.135,-14.454,0.320
75.0882,-36.000,798.319,1046.374,-124.019,-14.538,0.320
75.1878,-37.000,792.900,1046.587,-126.837,-14.555,0.320
75.2856,-38.000,787.464,1046.757,-129.640,-14.559,0.320
75.3862,-39.000,782.007,1046.899,-132.441,-14.560,0.320
75.4945,-39.000,792.804,1034.584,-120.886,-3.004,0.320
75.5915,-39.000,794.544,1031.553,-118.501,-0.620,0.320
75.6909,-39.000,794.488,1030.512,-118.009,-0.128,0.320
75.7898,-37.000,820.675,999.073,-89.196,23.085,0.320
75.8901,-34.000,842.949,971.855,-64.451,39.430,0.320
75.9887,-29.000,880.432,928.369,-23.967,65.914,0.320
76.0959,-19.000,965.717,831.382,67.169,129.157,0.320
76.1924,-9.000,1005.943,789.608,108.169,142.207,0.320
76.2920,-3.000,987.060,824.217,81.423,98.678,0.320
76.3906,3.000,1001.578,823.065,89.257,89.695,0.320
76.4875,7.000,994.853,843.791,75.532,64.731,0.320
76.5969,10.000,992.793,858.232,67.281,48.024,0.320
76.6942,13.000,1001.820,857.209,72.306,44.576,0.320
76.7913,16.000,1011.740,851.572,80.085,43.865,0.320
76.8870,18.000,1008.219,860.054,74.083,32.163,0.320
76.9961,20.000,1012.673,858.137,77.268,29.748,0.320
77.0930,22.000,1018.013,853.274,82.370,29.250,0.320
77.1939,24.000,1022.873,847.139,87.867,29.147,0.320
77.2931,25.000,1014.634,856.453,79.090,17.570,0.320
77.3903,26.000,1015.082,856.080,79.502,15.181,0.320
77.4873,28.000,1029.437,837.109,96.164,26.244,0.320
77.5965,29.000,1022.082,842.699,89.691,16.971,0.320
77.6955,32.000,1046.670,808.092,119.289,38.169,0.320
77.7930,33.000,1029.055,822.351,103.352,19.432,0.320
77.8922,35.000,1038.577,805.295,116.641,27.121,0.320
77.9915,36.000,1029.287,810.342,109.472,17.152,0.320
78.0910,38.000,1040.242,791.100,124.571,26.650,0.320
78.1877,39.000,1031.005,795.454,117.775,17.055,0.320
78.2969,40.000,1029.329,792.139,118.595,15.075,0.320
78.3975,41.000,1029.179,787.206,120.987,14.666,0.320
78.4956,42.000,1029.315,781.910,123.702,14.582,0.320
78.5948,43.000,1029.485,776.515,126.485,14.565,0.320
78.6933,43.000,1017.204,787.353,114.926,3.005,0.320
78.7909,43.000,1014.206,789.125,112.541,0.620,0.320
78.8885,42.000,997.758,802.372,97.693,-11.428,0.320
78.9979,41.000,991.531,806.717,92.407,-13.914,0.320
79.0960,40.000,987.838,809.650,89.094,-14.427,0.320
79.1949,39.000,985.029,812.653,86.188,-14.532,0.320
79.2921,37.000,967.275,829.253,69.011,-26.110,0.320
79.3914,36.000,975.070,824.316,75.377,-16.943,0.320
79.4913,34.000,960.361,840.135,60.113,-26.607,0.320
79.5898,32.000,954.079,849.041,52.519,-28.602,0.320
79.6965,31.000,965.458,843.732,60.863,-17.457,0.320
79.7928,28.000,937.086,873.783,31.651,-38.269,0.320
79.8890,26.000,941.801,875.176,33.313,-31.008,0.320
79.9978,25.000,956.570,869.437,43.566,-17.954,0.320
80.0963,23.000,945.287,887.078,29.105,-26.816,0.320
80.1943,21.000,941.400,898.048,21.676,-28.645,0.320
80.2923,21.000,970.144,881.324,44.410,-5.911,0.320
80.3908,20.000,964.508,895.018,34.745,-12.775,0.320
80.4990,19.000,964.242,902.972,30.635,-14.192,0.320
80.5978,18.000,964.939,909.651,27.644,-14.484,0.320
80.6972,17.000,965.728,915.971,24.879,-14.544,0.320
80.7956,16.000,966.447,922.135,22.156,-14.557,0.320
80.8947,15.000,967.073,928.199,19.437,-14.559,0.320
80.9968,14.000,967.615,934.185,16.715,-14.560,0.320
81.0945,12.000,952.640,953.387,-0.373,-26.116,0.320
81.1925,11.000,962.790,950.671,6.059,-16.944,0.320
81.2931,10.000,965.517,955.102,5.208,-15.052,0.320
81.3921,9.000,966.621,960.924,2.849,-14.662,0.320
81.4895,7.000,951.868,980.242,-14.187,-26.137,0.320
81.5887,6.000,962.150,977.682,-7.766,-16.949,0.320
81.6979,4.000,949.534,995.541,-23.003,-26.608,0.320
81.7954,2.000,945.020,1006.191,-30.585,-28.602,0.320
81.8918,1.000,957.898,1002.369,-22.235,-17.458,0.320
81.9987,-0.000,961.667,1007.138,-22.736,-15.158,0.320
82.0951,-3.000,929.982,1037.560,-53.789,-37.794,0.320
82.1950,-4.000,947.643,1023.986,-38.172,-19.354,0.320
82.2961,-5.000,949.936,1024.325,-37.194,-15.549,0.320
82.3947,-7.000,932.306,1039.514,-53.604,-26.320,0.320
82.4925,-8.000,938.837,1033.068,-47.116,-16.987,0.320
82.5910,-10.000,921.247,1046.050,-62.401,-26.616,0.320
82.6972,-11.000,927.076,1038.465,-55.695,-17.048,0.320
82.7946,-12.000,925.016,1038.191,-56.587,-15.073,0.320
82.8911,-13.000,921.139,1039.245,-59.053,-14.666,0.320
82.9987,-13.000,933.006,1027.978,-47.486,-3.026,0.320
83.0964,-14.000,919.309,1038.345,-59.518,-12.180,0.320
83.1927,-15.000,912.701,1041.283,-64.291,-14.069,0.320
83.2908,-16.000,907.442,1042.582,-67.570,-14.459,0.320
83.3897,-16.000,918.644,1031.014,-56.185,-2.984,0.320
83.4978,-17.000,904.486,1041.021,-68.268,-12.171,0.320
83.5971,-17.000,913.786,1031.192,-58.703,-2.512,0.320
83.6947,-17.000,915.460,1029.070,-56.805,-0.518,0.320
83.7924,-17.000,915.585,1028.563,-56.489,-0.107,0.320
83.8903,-18.000,899.131,1040.852,-70.860,-11.578,0.320
83.9964,-18.000,907.949,1031.494,-61.773,-2.389,0.320
84.0944,-19.000,893.234,1041.911,-74.338,-12.049,0.320
84.1903,-20.000,886.194,1044.457,-79.132,-14.042,0.320
84.2973,-22.000,864.377,1057.774,-96.699,-26.009,0.320
84.3937,-23.000,868.131,1048.955,-90.412,-16.922,0.320
84.4926,-25.000,848.358,1059.743,-105.693,-26.603,0.320
84.5913,-26.000,852.377,1050.247,-98.935,-17.045,0.320
84.6897,-27.000,848.801,1048.327,-99.763,-15.073,0.320
84.7992,-29.000,827.377,1060.399,-116.511,-26.221,0.320
84.8969,-30.000,830.938,1051.050,-110.056,-16.966,0.320
84.9951,-31.000,827.167,1049.060,-110.946,-15.057,0.320
85.0926,-32.000,821.893,1048.598,-113.352,-14.662,0.320
85.1937,-33.000,816.316,1048.459,-116.071,-14.581,0.320
85.2919,-34.000,810.684,1048.393,-118.854,-14.564,0.320
85.3900,-34.000,821.321,1035.912,-107.295,-3.005,0.320
85.4982,-35.000,806.647,1045.178,-119.266,-12.176,0.320
85.5943,-35.000,815.512,1034.717,-109.602,-2.512,0.320
85.6935,-36.000,800.552,1044.480,-121.964,-12.074,0.320
85.7914,-36.000,809.426,1034.189,-112.381,-2.491,0.320
85.8993,-37.000,794.526,1044.045,-124.760,-12.070,0.320
85.9973,-37.000,803.461,1033.822,-115.181,-2.491,0.320
86.0955,-37.000,804.890,1031.298,-113.204,-0.514,0.320
86.1938,-37.000,804.833,1030.425,-112.796,-0.106,0.320
86.2907,-37.000,804.522,1029.945,-112.712,-0.022,0.320
86.3898,-37.000,804.203,1029.592,-112.694,-0.005,0.320
86.5002,-37.000,803.921,1029.302,-112.691,-0.001,0.320
86.5997,-36.000,816.954,1013.623,-98.335,11.555,0.320
86.6981,-36.000,808.159,1023.170,-107.506,2.384,0.320
86.7935,-35.000,819.861,1009.946,-95.042,12.048,0.320
86.8914,-35.000,811.153,1020.361,-104.604,2.486,0.320
86.9998,-34.000,823.181,1007.624,-92.221,12.069,0.320
87.0981,-33.000,828.077,1002.965,-87.444,14.046,0.320
87.1964,-32.000,831.805,1000.278,-84.236,14.454,0.320
87.2959,-31.000,835.552,998.256,-81.352,14.538,0.320
87.3939,-30.000,839.523,996.592,-78.534,14.555,0.320
87.4914,-28.000,857.002,979.753,-61.375,26.115,0.320
87.5994,-27.000,912.694,922.421,-4.864,8.747,0.180
87.6965,-25.000,905.930,921.211,-7.640,5.071,0.180
87.7945,-24.000,900.305,919.358,-9.526,2.734,0.180
87.8920,-23.000,895.060,914.548,-9.744,2.067,0.180
87.9988,-22.000,889.196,908.165,-9.485,1.876,0.180
88.0968,-20.000,882.832,897.539,-7.353,3.108,0.180
88.1934,-19.000,874.760,890.469,-7.854,2.174,0.180
88.2910,-18.000,866.643,882.018,-7.687,1.907,0.180
88.3992,-17.000,858.109,872.767,-7.329,1.830,0.180
88.4981,-16.000,849.115,862.945,-6.915,1.809,0.180
88.5966,-15.000,839.699,852.668,-6.485,1.802,0.180
88.6963,-15.000,829.618,845.190,-7.786,0.515,0.180
88.7948,-14.000,820.161,833.022,-6.431,1.433,0.180
88.8942,-13.000,809.821,821.281,-5.730,1.695,0.180
88.9925,-13.000,798.804,812.709,-6.953,0.484,0.180
89.0907,-12.000,788.508,799.655,-5.574,1.424,0.180
89.1985,-12.000,777.147,790.350,-6.602,0.407,0.180
89.2948,-12.000,766.152,779.958,-6.903,0.116,0.180
89.3951,-11.000,755.355,765.876,-5.260,1.319,0.180
89.4909,-11.000,743.420,755.845,-6.212,0.377,0.180
89.5998,-11.000,731.895,744.878,-6.491,0.108,0.180
89.6957,-12.000,717.043,733.673,-8.315,-1.255,0.180
89.7958,-13.000,703.148,721.480,-9.166,-1.644,0.180
89.8954,-13.000,692.814,708.819,-8.003,-0.470,0.180
89.9943,-13.000,681.455,696.813,-7.679,-0.134,0.180
90.1013,-13.000,669.699,684.889,-7.595,-0.038,0.180
90.1974,-12.000,658.037,669.722,-5.843,1.275,0.180
90.2980,-13.000,642.007,659.009,-8.501,-0.921,0.180
90.3959,-12.000,631.175,643.410,-6.117,1.022,0.180
90.4969,-11.000,619.087,629.331,-5.122,1.578,0.180
90.5949,-12.000,603.123,619.114,-7.995,-0.835,0.180
90.6927,-11.000,592.468,603.815,-5.673,1.047,0.180
90.7928,-9.000,580.863,586.779,-2.958,2.871,0.180
90.9010,-6.000,568.612,568.226,0.193,4.677,0.180
90.9991,-3.000,555.654,551.540,2.057,5.194,0.180
91.0975,-2.000,554.962,554.800,0.081,2.770,0.180
91.1930,-0.000,556.167,553.019,1.574,3.363,0.180
91.3009,4.000,557.226,544.989,6.119,6.104,0.180
91.3985,6.000,556.261,545.789,5.236,4.315,0.180
91.4967,8.000,556.467,545.203,5.632,3.804,0.180
91.5952,10.000,556.949,544.159,6.395,3.658,0.180
91.6939,13.000,556.634,540.634,8.000,4.902,0.180
91.7941,16.000,554.823,538.823,8.000,5.258,0.180
91.8939,17.000,556.223,540.223,8.000,2.788,0.180
91.9941,19.000,555.794,539.794,8.000,3.368,0.180
92.0914,20.000,556.868,540.868,8.000,2.248,0.180
92.1978,22.000,556.162,540.162,8.000,3.214,0.180
92.2942,23.000,557.001,541.001,8.000,2.204,0.180
92.3915,25.000,556.095,540.095,8.000,3.201,0.180
92.4913,26.000,556.764,540.764,8.000,2.200,0.180
92.5917,28.000,555.713,539.713,8.000,3.200,0.180
92.6923,29.000,556.260,540.260,8.000,2.200,0.180
92.8003,30.000,556.665,540.665,8.000,1.914,0.180
92.8982,31.000,556.949,540.949,8.000,1.833,0.180
92.9997,32.000,557.130,541.130,8.000,1.809,0.180
93.0988,34.000,555.664,539.664,8.000,3.088,0.180
93.1976,35.000,555.859,539.859,8.000,2.168,0.180
93.2968,36.000,555.964,539.964,8.000,1.905,0.180
93.3938,37.000,555.993,539.993,8.000,1.830,0.180
93.4923,38.000,555.958,539.958,8.000,1.809,0.180
93.6003,39.000,555.868,539.868,8.000,1.802,0.180
93.7004,40.000,555.731,539.731,8.000,1.801,0.180
93.7987,40.000,557.115,541.115,8.000,0.514,0.180
93.8988,42.000,555.172,539.172,8.000,2.718,0.180
93.9958,43.000,554.960,538.960,8.000,2.062,0.180
94.0938,43.000,556.280,540.280,8.000,0.589,0.180
94.1929,44.000,555.841,539.841,8.000,1.454,0.180
94.3007,45.000,555.409,539.409,8.000,1.701,0.180
94.3964,45.000,556.541,540.541,8.000,0.486,0.180
94.4971,46.000,555.944,539.944,8.000,1.425,0.180
94.5948,47.000,555.376,539.376,8.000,1.693,0.180
94.6919,47.000,556.393,540.393,8.000,0.484,0.180
94.7997,48.000,555.698,539.698,8.000,1.424,0.180
94.8982,49.000,555.047,539.047,8.000,1.693,0.180
94.9959,50.000,554.434,538.434,8.000,1.769,0.180
95.0938,51.000,553.852,537.852,8.000,1.791,0.180
95.2022,51.000,554.858,538.858,8.000,0.512,0.180
95.3009,51.000,555.713,539.713,8.000,0.146,0.180
95.3989,51.000,556.440,540.440,8.000,0.042,0.180
95.4980,51.000,557.058,541.058,8.000,0.012,0.180
95.5967,51.000,557.583,541.583,8.000,0.003,0.180
95.6982,51.000,558.029,542.029,8.000,0.001,0.180
95.7955,52.000,556.849,540.849,8.000,1.286,0.180
95.8925,52.000,557.345,541.345,8.000,0.367,0.180
96.0003,52.000,557.767,541.767,8.000,0.105,0.180
96.0990,52.000,558.126,542.126,8.000,0.030,0.180
96.1998,51.000,556.991,540.991,8.000,-1.277,0.180
96.2959,51.000,557.526,541.526,8.000,-0.365,0.180
96.3934,51.000,557.981,541.981,8.000,-0.104,0.180
96.5013,51.000,558.367,542.367,8.000,-0.030,0.180
96.5996,51.000,558.696,542.696,8.000,-0.009,0.180
96.6974,51.000,558.975,542.975,8.000,-0.002,0.180
96.7943,50.000,557.773,541.773,8.000,-1.286,0.180
96.9011,50.000,558.251,542.251,8.000,-0.368,0.180
96.9996,50.000,558.657,542.657,8.000,-0.105,0.180
97.0969,49.000,557.562,541.562,8.000,-1.316,0.180
97.1945,49.000,558.131,542.131,8.000,-0.376,0.180
97.3024,48.000,557.175,541.175,8.000,-1.393,0.180
97.3995,48.000,557.863,541.863,8.000,-0.398,0.180
97.4962,47.000,557.007,541.007,8.000,-1.399,0.180
97.5940,47.000,557.780,541.780,8.000,-0.400,0.180
97.7023,47.000,558.437,542.437,8.000,-0.114,0.180
97.7998,46.000,557.555,541.555,8.000,-1.318,0.180
97.8981,46.000,558.305,542.305,8.000,-0.377,0.180
97.9962,45.000,557.503,541.503,8.000,-1.393,0.180
98.0922,45.000,558.322,542.322,8.000,-0.398,0.180
98.2019,44.000,557.577,541.577,8.000,-1.399,0.180
98.3012,44.000,558.444,542.444,8.000,-0.400,0.180
98.3997,43.000,557.741,541.741,8.000,-1.400,0.180
98.4974,43.000,558.644,542.644,8.000,-0.400,0.180
98.5966,42.000,557.971,541.971,8.000,-1.400,0.180
98.6978,41.000,557.459,541.459,8.000,-1.686,0.180
98.7943,40.000,557.084,541.084,8.000,-1.767,0.180
98.8935,40.000,558.265,542.265,8.000,-0.505,0.180
98.9914,39.000,557.829,541.829,8.000,-1.430,0.180
99.1000,38.000,557.518,541.518,8.000,-1.694,0.180
99.1969,38.000,558.754,542.754,8.000,-0.484,0.180
99.2932,37.000,558.365,542.365,8.000,-1.424,0.180
99.3936,37.000,559.534,543.534,8.000,-0.407,0.180
99.5009,36.000,559.088,543.088,8.000,-1.402,0.180
99.5998,35.000,558.768,542.768,8.000,-1.686,0.180
99.6978,35.000,559.997,543.997,8.000,-0.482,0.180
99.7959,35.000,561.041,545.041,8.000,-0.138,0.180
99.8927,35.000,561.929,545.929,8.000,-0.039,0.180
100.0011,34.000,561.243,545.243,8.000,-1.297,0.180
100.0975,34.000,562.160,546.160,8.000,-0.371,0.180
100.1958,34.000,562.940,546.940,8.000,-0.106,0.180
100.2940,33.000,562.163,546.163,8.000,-1.316,0.180
100.3921,32.000,561.562,545.562,8.000,-1.662,0.180
100.5013,30.000,559.672,543.672,8.000,-3.046,0.180
100.6001,28.000,557.638,542.731,7.453,-3.442,0.180
100.6982,26.000,555.481,542.600,6.440,-3.555,0.180
100.7958,25.000,556.872,542.384,7.244,-2.301,0.180
100.8946,23.000,554.164,543.331,5.416,-3.229,0.180
100.9925,22.000,555.546,543.572,5.987,-2.208,0.180
101.1003,20.000,552.962,544.776,4.093,-3.202,0.180
101.1977,18.000,551.328,545.478,2.925,-3.486,0.180
101.2937,16.000,550.084,546.168,1.958,-3.568,0.180
101.4017,15.000,552.235,546.666,2.784,-2.305,0.180
101.4989,14.000,553.345,547.929,2.708,-1.944,0.180
101.5980,13.000,554.077,549.333,2.372,-1.841,0.180
101.6972,12.000,554.636,550.710,1.963,-1.812,0.180
101.7959,11.000,555.087,552.025,1.531,-1.803,0.180
101.8933,11.000,558.635,552.977,2.829,-0.515,0.180
101.9915,10.000,557.749,554.809,1.470,-1.433,0.180
102.1004,9.000,557.507,555.975,0.766,-1.695,0.180
102.1995,8.000,557.442,556.945,0.248,-1.770,0.180
102.2987,8.000,560.598,557.558,1.520,-0.506,0.180
102.3949,7.000,559.392,559.088,0.152,-1.430,0.180
102.4953,7.000,562.058,559.698,1.180,-0.409,0.180
102.5914,6.000,570.062,579.109,-4.523,-11.640,0.320
102.6982,5.000,579.431,598.657,-9.613,-13.957,0.320
102.7976,5.000,606.714,603.729,1.492,-2.880,0.320
102.8959,5.000,625.166,617.553,3.806,-0.594,0.320
102.9957,4.000,626.329,646.439,-10.055,-11.678,0.320
103.0932,3.000,636.837,667.088,-15.126,-13.965,0.320
103.1908,3.000,665.066,673.117,-4.025,-2.882,0.320
103.2995,3.000,684.317,687.759,-1.721,-0.595,0.320
103.3985,2.000,686.156,717.344,-15.594,-11.678,0.320
103.4960,1.000,697.238,738.588,-20.675,-13.965,0.320
103.5928,1.000,725.952,745.125,-9.586,-2.882,0.320
103.7021,1.000,745.614,760.201,-7.293,-0.595,0.320
103.7995,1.000,763.243,776.874,-6.816,-0.123,0.320
103.8968,-0.000,764.870,807.018,-21.074,-11.581,0.320
103.9953,-1.000,775.170,827.658,-26.244,-13.945,0.320
104.0938,-4.000,754.426,870.957,-58.265,-37.544,0.320
104.1936,-3.000,813.955,842.214,-14.130,3.808,0.320
104.2910,-3.000,827.886,862.224,-17.169,0.786,0.320
104.3971,-2.000,857.340,864.236,-3.448,11.718,0.320
104.4949,-2.000,865.289,890.808,-12.759,2.418,0.320
104.5925,-2.000,880.417,909.796,-14.689,0.499,0.320
104.7007,-3.000,880.616,939.532,-29.458,-11.453,0.320
104.7980,-2.000,919.579,931.627,-6.024,9.192,0.320
104.8970,-1.000,942.641,940.580,1.030,13.452,0.320
104.9970,-1.000,949.452,968.756,-9.652,2.776,0.320
105.0958,-1.000,964.501,988.221,-11.860,0.573,0.320
105.1943,-2.000,964.815,1018.178,-26.682,-11.437,0.320
105.3009,-2.000,990.633,1025.865,-17.616,-2.360,0.320
105.3985,-2.000,993.207,1024.714,-15.754,-0.487,0.320
105.4981,-2.000,994.187,1024.944,-15.378,-0.100,0.320
105.5965,-1.000,1008.051,1009.948,-0.949,11.535,0.320
105.6932,-2.000,983.628,1032.568,-24.470,-9.175,0.320
105.8017,-3.000,975.352,1038.473,-31.560,-13.449,0.320
105.8987,-4.000,970.220,1040.749,-35.265,-14.331,0.320
105.9951,-4.000,981.857,1029.684,-23.913,-2.957,0.320
106.0915,-5.000,968.144,1040.044,-35.950,-12.166,0.320
106.1927,-5.000,977.846,1030.491,-26.323,-2.510,0.320
106.3023,-6.000,963.593,1041.032,-38.720,-12.074,0.320
106.3924,-6.000,973.063,1031.405,-29.171,-2.491,0.320
106.5001,-7.000,958.660,1041.836,-41.588,-12.070,0.320
106.5968,-8.000,951.730,1044.549,-46.410,-14.046,0.320
106.6939,-8.000,962.541,1033.154,-35.307,-2.898,0.320
106.7952,-9.000,948.267,1043.092,-47.412,-12.154,0.320
106.8929,-9.000,957.519,1033.153,-37.817,-2.508,0.320
107.0010,-10.000,942.887,1043.363,-50.238,-12.073,0.320
107.0980,-11.000,935.751,1045.898,-55.074,-14.047,0.320
107.1944,-11.000,946.383,1034.357,-43.987,-2.899,0.320
107.2925,-11.000,948.235,1031.731,-41.748,-0.598,0.320
107.3914,-12.000,932.039,1043.431,-55.696,-11.679,0.320
107.5009,-12.000,940.829,1033.818,-46.494,-2.410,0.320
107.5987,-12.000,942.325,1031.623,-44.649,-0.497,0.320
107.6954,-12.000,942.355,1030.998,-44.321,-0.103,0.320
107.7944,-12.000,942.117,1030.731,-44.307,-0.021,0.320
107.8915,-12.000,941.852,1030.567,-44.358,-0.004,0.320
108.0013,-12.000,941.606,1030.448,-44.421,-0.001,0.320
108.0988,-11.000,954.665,1014.918,-30.127,11.555,0.320
108.1962,-11.000,945.883,1024.601,-39.359,2.384,0.320
108.2934,-11.000,944.311,1026.937,-41.313,0.492,0.320
108.3926,-11.000,944.184,1027.715,-41.765,0.102,0.320
108.4921,-10.000,957.600,1012.692,-27.546,11.577,0.320
108.5921,-10.000,949.173,1022.753,-36.790,2.389,0.320
108.6911,-10.000,947.916,1025.399,-38.742,0.493,0.320
108.8004,-10.000,948.059,1026.437,-39.189,0.102,0.320
108.8985,-9.000,961.705,1011.634,-24.965,11.577,0.320
108.9968,-9.000,953.475,1021.881,-34.203,2.389,0.320
109.0966,-9.000,952.386,1024.684,-36.149,0.493,0.320
109.1945,-8.000,965.954,1010.413,-22.229,11.657,0.320
109.2937,-8.000,957.859,1020.911,-31.526,2.405,0.320
109.3936,-8.000,956.926,1023.886,-33.480,0.496,0.320
109.5016,-7.000,970.637,1009.752,-19.558,11.658,0.320
109.5985,-6.000,975.946,1004.922,-14.488,13.961,0.320
109.6956,-6.000,966.536,1017.740,-25.602,2.881,0.320
109.7935,-5.000,978.945,1006.067,-13.561,12.150,0.320
109.8908,-4.000,984.368,1002.109,-8.870,14.063,0.320
109.9978,-4.000,975.308,1015.416,-20.054,2.902,0.320
